categorical_0,categorical_1,date,numeric_0,numeric_1
V,M,2000-01-01,-0.5689649986386596,-0.7335684266358464
P,H,2000-01-02,-0.01570756825618151,0.3539326501734536
H,T,2000-01-03,1.4662002913998446,-1.4936994259814238
Q,X,2000-01-04,0.19494732809969106,1.4737380156467466
W,F,2000-01-05,-0.01975816725464835,-0.09419612643725735
X,S,2000-01-06,-1.6922404283294332,1.0918862868389005
K,K,2000-01-07,0.4928956759206891,-0.4479135942617824
R,D,2000-01-08,-0.6512172340894471,1.5688249271591321
D,G,2000-01-09,1.1800169001843028,-0.8565183731910704
Q,U,2000-01-10,-0.8897085672102142,-0.3540588821132985
T,L,2000-01-11,-1.5934170009055593,-0.6751053564569648
Z,K,2000-01-12,-1.2832997016931516,-1.5650608649794768
F,U,2000-01-13,0.5128550084494687,1.2183262789852438
Z,M,2000-01-14,1.8248671569338666,-1.0596058497123781
X,Q,2000-01-15,0.5156830534419677,-0.26681377665245204
G,M,2000-01-16,-0.8178144069409821,0.6963708683769156
L,D,2000-01-17,0.7606732283148115,-0.517716605770539
X,M,2000-01-18,0.09168524512486102,1.7444035486882508
X,T,2000-01-19,-2.0101916659958134,1.522935826635464
O,W,2000-01-20,0.021984764196607526,0.7086914305257425
U,N,2000-01-21,0.3028069020410456,0.5572010160586269
X,X,2000-01-22,-0.7428199802528833,-0.19226483746483963
H,C,2000-01-23,-0.08569149412114253,0.15818658151068524
U,N,2000-01-24,0.43237549140723197,1.6561443872956034
X,C,2000-01-25,0.49300111811095326,-0.546297573106577
Q,V,2000-01-26,-0.07623891978720193,0.5724732414454672
O,R,2000-01-27,-1.4065117729838756,-1.2832962330709285
X,Y,2000-01-28,-1.845833184865669,-0.10332140154139348
O,V,2000-01-29,-0.6234290128521314,-0.6142824574710819
E,D,2000-01-30,0.17598758648628995,0.7514748722763208
E,Q,2000-01-31,1.6465189005810035,-0.033248954563008484
A,I,2000-02-01,-0.5821877309694009,0.7969389133843365
W,K,2000-02-02,-0.5525345581347758,0.951922030047533
L,W,2000-02-03,-0.3772367785113074,-0.283919159336661
M,P,2000-02-04,2.308818625966179,0.34592777818616327
G,H,2000-02-05,0.6753001815408524,0.01739306493420521
Z,X,2000-02-06,-0.7379566534983089,0.5977354232002071
O,A,2000-02-07,0.5703941582553556,-0.8005392242121893
N,E,2000-02-08,0.3121445597240128,-1.9494066800479721
F,N,2000-02-09,-0.9573753218782085,0.3372439858547054
C,G,2000-02-10,-0.4175253584524774,1.6113384351389166
S,T,2000-02-11,-1.3648334415488597,1.0432077145615806
C,D,2000-02-12,1.0883425548088121,-0.6672741506248769
W,L,2000-02-13,-2.6831580228917526,-0.18960500039884617
H,I,2000-02-14,0.5102110427619684,-0.728176017077912
D,Z,2000-02-15,0.6628787981810796,-0.4000225488386431
V,R,2000-02-16,-1.268760344407672,0.642985173367149
X,B,2000-02-17,-0.5294247855629826,-0.26612950158251075
U,L,2000-02-18,0.5761166808967809,0.20927274208442906
U,G,2000-02-19,-0.15993495546322006,0.6059319969501299
K,Z,2000-02-20,0.30724978480660875,-1.9057908313877756
F,G,2000-02-21,-0.7959973686504671,-1.4300303665819019
V,R,2000-02-22,-0.7371184603165973,-0.8976914087341364
T,C,2000-02-23,0.4616353347918572,0.04012899340390374
G,R,2000-02-24,0.14047512111367833,-1.9302154402323222
A,L,2000-02-25,-0.25273586963223327,-0.42621007113847376
E,G,2000-02-26,0.14397189013435885,-1.35139982071004
F,I,2000-02-27,0.11281789858954226,-0.06070236675908991
L,U,2000-02-28,-0.4965812866200796,-1.1277378525247779
F,N,2000-02-29,-1.2064169146171728,0.2556880333440561
H,B,2000-03-01,1.0932116644475958,0.2944677043982356
O,D,2000-03-02,-0.041359753500884104,1.4953661373713423
O,B,2000-03-03,-0.984371574480503,0.44629059986861613
G,X,2000-03-04,1.300024491505265,-0.23793683562715973
Z,C,2000-03-05,-0.6800384335345283,-0.576009472609472
D,D,2000-03-06,1.6182491292713796,-1.03901704549275
Z,S,2000-03-07,0.5350880105652464,-1.1291419755442444
V,D,2000-03-08,0.46487158225700836,-1.0383671055054389
B,X,2000-03-09,-0.07159460592088837,-0.49296310812121363
W,O,2000-03-10,-1.6065846391744771,-0.9932136150529307
O,K,2000-03-11,-0.36099450894429364,-0.4139528654064521
A,P,2000-03-12,-3.0630724535352756,-2.7148184498950534
H,A,2000-03-13,-1.6082901082274703,1.0409640570268544
E,D,2000-03-14,1.140394154688483,1.2569423740918035
Y,M,2000-03-15,0.0317114244993268,0.7488109876504166
M,M,2000-03-16,0.09686076003436736,0.9204811859991067
Z,U,2000-03-17,-0.18789784680800745,1.10105544379661
N,C,2000-03-18,-1.5060691344106485,-0.27578217925639226
C,O,2000-03-19,0.1404915002610374,-0.6096239919753436
M,O,2000-03-20,-1.329386031171123,2.6357962784986455
A,E,2000-03-21,-1.006638928543289,0.5649708223259643
D,U,2000-03-22,-0.19224696844286301,1.9005157635925425
T,F,2000-03-23,0.25569208692881273,-0.10202086683805417
R,M,2000-03-24,0.23502027413363927,0.04656403052303771
I,D,2000-03-25,-0.26026054454203934,-0.7835130770965909
Z,E,2000-03-26,-1.1306230576903782,-1.0070176581009693
J,V,2000-03-27,-1.0856125766780496,-0.362219361826997
R,N,2000-03-28,0.4224056524303113,-1.5819643905917422
G,W,2000-03-29,-0.14904059403972647,0.631770520746907
I,W,2000-03-30,1.1494650339559298,1.6750408265408723
V,D,2000-03-31,0.44980757370273305,0.9755303746001671
J,T,2000-04-01,-1.721581854989908,-0.0643284461450256
R,K,2000-04-02,-2.409040392415486,-0.20598141975831058
D,T,2000-04-03,-0.4398821775771997,-0.19223397436591927
K,P,2000-04-04,-0.9209646621034238,0.7979783468820972
H,C,2000-04-05,-1.8447152235161728,-0.6212624417014935
U,Z,2000-04-06,0.6634715517677777,0.3344614565168428
V,F,2000-04-07,0.49307991475219615,0.1890013541406092
U,L,2000-04-08,0.12253716142612202,-0.6873674250700033
X,Y,2000-04-09,0.13313714707176125,0.06279609063843222
E,H,2000-04-10,-0.32137568542537753,0.25618800161721433
F,G,2000-04-11,-1.2338631311949988,0.8036750291404687
H,L,2000-04-12,0.3506352379148874,-0.9789151158881996
W,E,2000-04-13,-1.0887756330398626,2.27054015473086
C,I,2000-04-14,0.43310332839078686,-0.45038221205004353
J,J,2000-04-15,1.1769118575512165,0.589050674576266
C,G,2000-04-16,0.05142163539591634,-0.8384732576302645
X,O,2000-04-17,0.1809173008918543,0.21952885637621247
D,V,2000-04-18,0.40775695655454897,0.560025958778617
G,U,2000-04-19,-1.8864570363802344,-0.5809408711682604
P,E,2000-04-20,-0.6508507315229536,0.7531075207963773
J,E,2000-04-21,-3.585073869631233,0.672350223574597
I,X,2000-04-22,0.9980206639879496,0.8204994923777332
W,F,2000-04-23,-0.8886942273131742,-0.16387757302912373
U,B,2000-04-24,0.8678629978532238,-0.24747868585973842
A,Q,2000-04-25,-0.6849141020700086,1.747476292871505
C,H,2000-04-26,0.830361860020064,1.0249547897871405
I,W,2000-04-27,-1.73299534817811,1.5970892120852092
V,I,2000-04-28,-0.07026179223061776,0.28288551279517515
P,G,2000-04-29,-0.8190306869241503,0.39409285451142456
M,H,2000-04-30,0.38410919506952934,-1.8266568273449348
E,M,2000-05-01,-0.15228989903434134,-0.8268192381244541
J,Z,2000-05-02,-1.3246211565251054,-0.967088014567608
M,X,2000-05-03,1.380378777101934,-0.29385955163251115
X,Q,2000-05-04,-0.9196957364762136,-0.7660900111211911
C,P,2000-05-05,-1.0995362642363933,-0.13458026400963763
O,B,2000-05-06,1.3203594762345188,0.11085606000401829
E,K,2000-05-07,0.6781300073851807,0.6221146733102113
T,H,2000-05-08,-0.23710236450243471,0.4419580011635456
U,Y,2000-05-09,-0.3234029472242742,-0.39031474703961694
A,K,2000-05-10,-0.2958017603878731,0.8417736875304512
M,T,2000-05-11,-1.984865623355122,0.15017753468531664
Z,D,2000-05-12,2.062670088234259,-0.7551348693097757
U,X,2000-05-13,2.184312531249468,2.1875878515944933
W,T,2000-05-14,2.2401266700422617,1.8517920160404138
U,L,2000-05-15,-0.32417899954506463,0.3457518690474405
B,O,2000-05-16,-0.33815519371629,1.7299524804108701
U,M,2000-05-17,0.7290013931757137,1.76053589593855
U,Y,2000-05-18,0.1780765617097228,0.6215943205202222
V,P,2000-05-19,-0.26577023433425934,1.2642111051341298
B,P,2000-05-20,-0.1305944125618243,-1.1929340437636797
S,K,2000-05-21,-0.675026812808501,-0.752270079979509
U,T,2000-05-22,1.0343804179121996,1.2941509667758948
O,E,2000-05-23,-1.6333009103586653,0.18884259065278358
Y,R,2000-05-24,-0.045968623315573894,0.7435740968511494
V,U,2000-05-25,0.5007536765189746,-0.09371976180726461
W,T,2000-05-26,-0.12158085478302354,-1.3471606450823403
V,J,2000-05-27,-2.1818777344741553,0.1703338002689401
H,N,2000-05-28,-0.4364412928130476,2.1584189069690605
L,R,2000-05-29,-0.7033980345653549,0.2516337495877395
H,E,2000-05-30,-0.18609479452620303,1.3705208360249492
M,P,2000-05-31,-0.705023377971354,0.23336701722676978
V,Y,2000-06-01,-0.5719801743526416,-0.09539629659922157
E,T,2000-06-02,0.03917222643380143,0.8567846354434887
P,B,2000-06-03,0.09457825676926856,-0.9251980872833804
L,W,2000-06-04,-0.06845035437163476,0.5497243311919215
V,J,2000-06-05,1.1600776454916706,-1.2449401320355928
E,I,2000-06-06,-1.3165060870693692,0.6501269032546997
B,E,2000-06-07,0.6637408763671365,-0.18046050448832826
T,B,2000-06-08,0.9276097929379412,-0.3936580413539824
B,M,2000-06-09,1.4023135740799855,1.4116213335996723
Z,D,2000-06-10,0.6575297305158173,0.005479894275914213
C,E,2000-06-11,0.7147826072767948,-0.9396254707099071
I,V,2000-06-12,-1.6996884250313258,0.43125069630257756
G,G,2000-06-13,-0.8114730699931638,0.7665831501443788
S,O,2000-06-14,0.5579573405205774,0.09324670565831254
S,M,2000-06-15,2.163664725752112,0.2102192155018694
W,X,2000-06-16,0.6017609109058153,-1.2343514833049753
C,D,2000-06-17,-0.7141196413932966,-0.3649183045306793
R,M,2000-06-18,-0.5122462556581996,-1.3151953893463335
Y,G,2000-06-19,-0.5981111215570549,-0.14759957073408894
H,O,2000-06-20,0.9467492129457321,-0.09843639509003059
R,J,2000-06-21,0.7446939966083038,-0.5531098828630026
A,V,2000-06-22,2.1355226200822277,0.3192592690519109
H,D,2000-06-23,-0.33285849216244656,-0.5062911677440247
L,L,2000-06-24,0.8292297425237426,-0.24749208564357036
A,I,2000-06-25,2.350735648435776,-0.9688619535927893
Q,L,2000-06-26,-0.19357735288536512,-0.486411590899686
S,N,2000-06-27,-0.610082116453158,-0.9170299988101297
Y,M,2000-06-28,1.1760449703834623,0.9646079764993433
D,H,2000-06-29,-1.4834033580445751,-0.04554848652118957
Q,J,2000-06-30,0.24974089615794315,1.0988232335348869
T,H,2000-07-01,-1.0622466582578938,-0.42288681908888404
M,G,2000-07-02,-0.04742772588726231,0.9834598741371249
A,O,2000-07-03,0.47625004371191165,-0.3223392905316181
I,M,2000-07-04,0.6972282422052013,-0.8535798624438704
H,J,2000-07-05,-1.0836800059594953,0.2456992277878719
S,L,2000-07-06,0.5191124356132497,1.2577280637724366
L,H,2000-07-07,0.4990179657941196,0.07308589263018302
C,C,2000-07-08,-0.5030459635922563,0.2759567253178098
O,D,2000-07-09,0.9554187900110581,0.04392749162771462
G,W,2000-07-10,1.6995720796410596,0.23424657823042977
E,L,2000-07-11,-1.1829522011747857,-0.4178714386933697
T,T,2000-07-12,0.3505570509773983,0.916410752180594
B,S,2000-07-13,-0.8417547625084397,0.10802673729122009
T,H,2000-07-14,1.0473129588514718,0.22799294852566065
U,O,2000-07-15,-0.5065765871587545,0.5796439911252643
H,R,2000-07-16,0.24669304162938782,-1.4000250418296325
T,E,2000-07-17,0.10276059223912146,1.7012014331044267
V,A,2000-07-18,0.7949512953661095,-0.1218037607783806
W,U,2000-07-19,1.378253886581046,0.5930371185779789
N,D,2000-07-20,1.7844958768454842,0.45808062848510733
T,E,2000-07-21,-0.22513633204820818,-0.469603438705988
U,E,2000-07-22,0.6939143257088697,1.1453677649874574
V,L,2000-07-23,-2.0338132216708695,0.37572988314698375
D,C,2000-07-24,0.22016698605979396,0.5790817050035965
H,B,2000-07-25,0.45832374800012293,-0.0962745269707158
P,W,2000-07-26,-0.754653983138038,0.23632424029729918
H,R,2000-07-27,1.377931717236424,1.6510775259079418
P,X,2000-07-28,1.4306536272476402,1.3807772359506685
Y,S,2000-07-29,0.7871675808795442,0.8087403524149556
V,T,2000-07-30,-0.7981951145311844,0.9719506111229642
R,F,2000-07-31,1.5208433249381985,0.49883420534281514
D,L,2000-08-01,-0.39551561441967886,-0.018494299092479377
I,V,2000-08-02,0.8076647132697049,1.3026340251147495
W,T,2000-08-03,-0.30463542325030935,-0.26429362938853296
F,D,2000-08-04,0.23220051684203222,-1.6732356869932143
M,M,2000-08-05,1.2438897801119506,-0.33017763545577267
F,K,2000-08-06,-0.773679534503459,1.5331939297583026
O,Q,2000-08-07,-1.1174953037865072,0.8012244249739116
S,F,2000-08-08,0.6968034152465293,1.3075832250244592
N,N,2000-08-09,-1.5537512898158288,-2.303285386852498
I,D,2000-08-10,-0.897957549702868,-0.6049760316866681
C,B,2000-08-11,1.6401130715607428,-2.0260765802846263
K,J,2000-08-12,1.3150259670889275,-0.8151234510379837
Y,W,2000-08-13,2.500215154487356,-0.8892839815658096
H,A,2000-08-14,1.1328830825433598,-0.051587304823413976
R,P,2000-08-15,-0.5112939041761774,1.4736188199588844
Z,W,2000-08-16,-0.8305069852246024,0.6226778752537913
C,P,2000-08-17,1.3034261226817587,1.1943283046399598
X,W,2000-08-18,-0.8245780368453448,0.1804108417908614
D,Z,2000-08-19,0.7733144286581749,1.025274742988033
G,F,2000-08-20,-0.05329354527189104,2.052300705304249
M,M,2000-08-21,0.40076406865383685,0.8360772091451851
L,V,2000-08-22,-0.8242945815089054,-0.2810747617635416
I,G,2000-08-23,-1.2190203833729014,1.0550572402084164
T,X,2000-08-24,1.1885643523210987,-0.40722489367926
Z,I,2000-08-25,0.11322308586313282,-0.6122393572762382
E,Z,2000-08-26,1.1443014389041157,-1.144260267617809
C,T,2000-08-27,0.5333546701547384,-1.2367685884479962
N,D,2000-08-28,-0.3675303080812412,0.9852891471296282
D,P,2000-08-29,-0.6169587798295186,0.31437725559640955
A,O,2000-08-30,-0.6562734190687164,-0.8827920796593912
W,I,2000-08-31,-2.4194250755199653,0.5137400999940979
Z,A,2000-09-01,0.353942990604023,0.36012417123431506
S,N,2000-09-02,0.8768938491464601,-0.7287659934720494
M,O,2000-09-03,0.4844348560694111,-0.11987246504866718
I,Y,2000-09-04,1.0010430887293442,0.8890187151187483
J,H,2000-09-05,1.462541580704985,0.5247444424961198
Q,K,2000-09-06,1.2069282901240728,0.6450875819136233
O,M,2000-09-07,0.06969323297266843,-0.25124563020075535
T,F,2000-09-08,1.2854410249709525,1.255984264079864
B,J,2000-09-09,-0.20517383989280477,-1.432763114747116
Q,O,2000-09-10,-1.0924465719686594,-0.551730585903036
Q,D,2000-09-11,0.6195300263474284,0.2514568503068852
Q,T,2000-09-12,0.3379655699027737,-0.20010507606973024
U,W,2000-09-13,-0.6154073771826961,0.21608044910071136
Z,M,2000-09-14,-0.5087966560928645,0.009302304703617368
F,H,2000-09-15,0.0928666181133097,-0.6484254602303613
W,W,2000-09-16,0.23233934313515017,0.6623141984944122
U,O,2000-09-17,1.016356106056814,-0.559890774052343
L,F,2000-09-18,1.1838113562026589,-0.7079170922190262
L,A,2000-09-19,-2.8390359908211775,-0.15620849007623952
N,D,2000-09-20,-1.8256815710186494,0.9297131186577092
C,Y,2000-09-21,2.497462560454429,2.7710894948625313
R,X,2000-09-22,1.9733143967217206,-0.6723604923652122
U,J,2000-09-23,0.8237016034276055,-0.92053847727301
F,U,2000-09-24,-1.1250716643822702,-1.2941979337288698
F,B,2000-09-25,-0.8562528974665696,-1.7436596634315709
T,F,2000-09-26,0.5951883660072422,0.11671228748309734
F,Y,2000-09-27,1.1623609389011733,0.412075153069405
M,L,2000-09-28,-0.22032328847913382,-0.9521864444329791
L,L,2000-09-29,-0.7757871720549423,-0.2129196288357985
V,F,2000-09-30,0.9732476476374334,-0.8046297207898931
M,J,2000-10-01,-0.24832142406809876,0.5294794214901101
M,V,2000-10-02,-0.7153293832446658,-0.8932575972151182
U,E,2000-10-03,0.20500014007391867,-0.9654914697725615
O,G,2000-10-04,-1.2826300269265558,0.4846863908620184
D,T,2000-10-05,0.12557073199055377,0.08675128969935858
G,C,2000-10-06,-1.0083072771043926,-1.741319040104051
C,P,2000-10-07,0.8975220596656487,-0.47157326038657
C,D,2000-10-08,0.9702572174597416,2.541426158350613
G,G,2000-10-09,1.3412509184707675,-0.48099349160775534
U,T,2000-10-10,-0.3362034175307469,-1.1086510502231262
Z,U,2000-10-11,0.9053923273565057,1.0927170381467886
R,X,2000-10-12,-0.3520434609073922,-0.07016531042040172
H,Q,2000-10-13,1.7575396934555612,0.3044645644378314
H,F,2000-10-14,-0.8687387429271111,-1.0898783312409206
U,L,2000-10-15,1.2013203464347801,0.8207272640346654
X,M,2000-10-16,-0.2931820453810726,-0.27927415544670925
V,Y,2000-10-17,-0.621299177370991,-0.03156524973514806
N,U,2000-10-18,0.7314576804532128,-0.0854378556191908
Y,C,2000-10-19,0.7910598714232931,-0.5542386299281217
R,W,2000-10-20,2.8831219450362946,0.0005077874859270959
B,U,2000-10-21,-0.5173104442913072,0.09033705060046902
U,T,2000-10-22,-0.18446473821767703,-0.17521720000148877
T,Y,2000-10-23,0.2010433756133573,1.8336605130401251
H,O,2000-10-24,0.5634434066224202,-0.05156593245169573
F,I,2000-10-25,-0.07376885669624252,-0.7340854686121047
U,H,2000-10-26,0.23073638889326,-0.6464296458058767
J,N,2000-10-27,-0.43105951796668773,-0.48117344484379637
V,E,2000-10-28,0.529816531774959,1.5147855141451678
A,K,2000-10-29,0.12130308164822644,0.13399457337332338
A,D,2000-10-30,-0.6876964616820596,-0.09653586699140333
J,H,2000-10-31,0.7174687496968328,0.14813150395983524
L,P,2000-11-01,0.7980280072632001,0.2021775942146562
V,J,2000-11-02,-0.40954729826922337,0.2167105529558292
K,Q,2000-11-03,-0.8692126095149566,-0.7353367287889265
C,N,2000-11-04,0.021143112869385566,-0.37095878114605246
M,E,2000-11-05,-0.9111365250608936,0.12019865606466852
J,E,2000-11-06,0.6976395962255864,-0.83023536264985
C,R,2000-11-07,1.4246559836438435,-1.2829536919324431
I,T,2000-11-08,-1.8117037667563747,1.716121722102882
K,J,2000-11-09,0.6813790812828021,-0.3000204816118078
N,N,2000-11-10,-1.5285462974265767,2.324915265969908
O,I,2000-11-11,-2.1059612512059473,0.10916595478366879
G,P,2000-11-12,0.6584207031914231,0.7167972408305854
H,F,2000-11-13,1.4822237031037615,-1.0969357964055948
N,L,2000-11-14,-0.04662748063830332,-1.5135563769920002
Q,X,2000-11-15,-1.0376965543156291,1.1371719684063026
Z,N,2000-11-16,0.11706678551598132,-0.841638921495104
J,J,2000-11-17,1.105336277533468,-1.5267392660850254
A,L,2000-11-18,-0.467595933339839,-1.0768123192960362
F,E,2000-11-19,1.0305399146205227,1.7899581047573345
H,P,2000-11-20,0.3640182536948043,1.863265878331402
D,K,2000-11-21,0.5256378729069557,1.6282458595968008
F,W,2000-11-22,1.1853389208644072,0.7834883479959174
F,B,2000-11-23,-0.5342926315585328,-1.7230661332049526
Y,G,2000-11-24,-0.5334818490338715,1.5355768251073925
C,V,2000-11-25,1.2055431780705657,0.8044269389559139
K,S,2000-11-26,2.2963402440876477,-1.3101300345292433
L,D,2000-11-27,0.6688728624094091,0.20449709845050618
L,U,2000-11-28,1.021570433607031,-1.1440407123942022
P,G,2000-11-29,-0.17080440448679865,-0.33882402739169043
L,M,2000-11-30,-0.04084885502836072,-1.2188451665539293
J,D,2000-12-01,2.125086449586,-1.1611520046735335
P,T,2000-12-02,0.16490220316611404,-0.16918465754356557
Z,X,2000-12-03,0.7395399486136978,0.8942866468216527
W,P,2000-12-04,-1.5312132696594627,1.058574775203839
B,I,2000-12-05,-0.6521747910875407,-0.12793008181221194
M,A,2000-12-06,0.055568660912160915,0.10874332341470494
A,F,2000-12-07,-0.26813171486625736,0.5977722691394763
P,J,2000-12-08,0.4638648079292833,0.591251247429805
X,P,2000-12-09,-0.677133743439631,-1.5272299279180293
E,O,2000-12-10,0.7914027935252677,1.6897387444611325
T,B,2000-12-11,-0.8762879523819909,-1.0731357260532863
C,U,2000-12-12,1.7761679285667422,-0.7720819463812317
I,B,2000-12-13,-3.299603859723407,0.4996422610237839
B,H,2000-12-14,-0.7944191274925154,2.52925218718348
R,L,2000-12-15,-0.8423925936707991,0.1790155915515007
I,X,2000-12-16,-1.080330894999697,-0.4208005205821905
V,V,2000-12-17,0.5741832045043475,0.6631055170490314
M,Y,2000-12-18,-2.012867939799914,-1.239119046945367
L,R,2000-12-19,-1.7320212921569111,0.044705382435469274
C,H,2000-12-20,0.6442140480638673,-0.6481954021000647
Z,N,2000-12-21,0.9195486156519418,0.8999527970414083
F,M,2000-12-22,-0.29531573056284066,0.7200983228416278
X,S,2000-12-23,0.5530454512690656,-1.1380242018952578
A,C,2000-12-24,-0.5444575362756252,0.4101093005498984
X,P,2000-12-25,1.1600882563168764,0.9317616391839815
O,T,2000-12-26,-1.0652442551131236,-1.6643687303646217
R,X,2000-12-27,-0.6257317420042342,-1.026356891899578
B,C,2000-12-28,-0.07819239780657802,1.0672945949165444
X,X,2000-12-29,0.5274759685378805,-0.08260630842838043
V,C,2000-12-30,0.8251804532704453,1.1377273226966413
T,R,2000-12-31,-1.5883072612699094,-0.5495963446466152
J,P,2001-01-01,-0.43473911586735575,-0.5244716182319104
I,T,2001-01-02,-1.3398234125108466,-0.465549624507487
E,X,2001-01-03,-1.8467672531206323,-0.5123504041552144
Z,T,2001-01-04,0.03587049245102094,1.1874302476830845
P,W,2001-01-05,0.30290105549683255,0.20901842363342468
P,M,2001-01-06,0.8856602297889341,0.974919897091825
M,X,2001-01-07,0.4785226543234315,0.37973839317663377
W,O,2001-01-08,-0.29355475940119,1.3955609639109277
K,O,2001-01-09,0.8647524708294178,0.1540416646500092
V,X,2001-01-10,-0.4904371006266244,-0.3438258132341718
D,N,2001-01-11,0.475917999799132,1.0056038055915866
A,Z,2001-01-12,0.21280167624266702,-2.885601955708525
C,P,2001-01-13,-0.7983574183706194,-0.2027082319324935
Y,A,2001-01-14,0.4757714008670217,0.08276770405319915
H,T,2001-01-15,-0.8402299626864355,-1.3104076807763785
Y,E,2001-01-16,0.1335472463515112,-0.48042563078998685
Q,X,2001-01-17,-0.5848809576038302,1.3956264087152301
N,G,2001-01-18,0.5246734930236352,1.3608710341125791
X,B,2001-01-19,-1.3257303538748615,-0.6132945747080006
S,D,2001-01-20,-1.1346486461169216,1.0132593496342395
J,V,2001-01-21,-0.4447037747605814,-2.1035723606277226
U,R,2001-01-22,-1.04675208535128,0.09619198763873879
H,V,2001-01-23,-0.7296823511187635,1.0600208866716703
F,J,2001-01-24,0.11278261116967447,-0.7951450403519753
B,R,2001-01-25,-0.11109631107497395,0.5489413551090858
A,M,2001-01-26,0.7442941812364775,-2.255323160724492
Z,O,2001-01-27,-0.3751257866449707,0.08916848693500656
V,P,2001-01-28,-2.090319841142061,0.7213209688007982
X,P,2001-01-29,0.32774270625713264,-0.5088225230070094
E,N,2001-01-30,0.20399921152916856,-0.2822941682896256
M,S,2001-01-31,0.09253797535111116,0.09864750871868681
R,B,2001-02-01,-0.3831647274505119,1.814639333478521
F,R,2001-02-02,-0.9647734895057721,0.4980994277219754
J,R,2001-02-03,-0.5100955905833685,0.18785363134566674
B,V,2001-02-04,-0.9703894240271439,1.849860539378645
F,D,2001-02-05,1.0040676911824482,-0.015181586413996327
Z,U,2001-02-06,1.024410010249248,-1.2206105080578322
J,Y,2001-02-07,0.5838982334816027,1.1878419796187656
X,O,2001-02-08,-0.10552470218657621,-0.5594823177882219
B,S,2001-02-09,-0.4206659207842759,-0.3353700045972931
U,H,2001-02-10,0.18760096302519508,-0.782311383091154
P,I,2001-02-11,1.1907419162688362,-0.48366425731223284
P,V,2001-02-12,1.234237614601672,0.03485397404291478
S,N,2001-02-13,0.14078389494891344,-0.7928632925223214
X,H,2001-02-14,-0.922478760134396,-0.5073288557222705
F,T,2001-02-15,0.47788199188486047,0.5613382948164811
B,N,2001-02-16,-0.6359198671852998,0.3855986761958213
R,Z,2001-02-17,-0.61206338135864,-0.5865204718807693
A,F,2001-02-18,1.8149664377179826,-0.32862273513544255
E,M,2001-02-19,-0.8831049760123952,0.05577077501723311
L,C,2001-02-20,-0.005245184807842884,0.6030128714682326
Y,Y,2001-02-21,0.8171298477324233,0.3780031297896836
O,U,2001-02-22,0.5874903430656325,1.3548015545852654
S,A,2001-02-23,0.026735345557259985,-0.5146028869843915
K,Z,2001-02-24,1.8608020833458454,1.9536673030115173
K,A,2001-02-25,-0.7268146407659254,-1.7351641681465069
P,R,2001-02-26,-1.3177911995769314,-0.8801352017825114
K,F,2001-02-27,-0.6811362794608424,1.5890166908699344
T,J,2001-02-28,0.07663326124114707,-0.5949897651723238
D,C,2001-03-01,1.0619340149706094,-0.9254844196034214
Z,Q,2001-03-02,-0.7621820764445465,-0.029078702809394386
U,T,2001-03-03,0.30854580376700946,0.07533292929027822
X,P,2001-03-04,-0.5587705243702568,1.3735180053149412
I,W,2001-03-05,0.18296072361966953,1.246355088825473
A,T,2001-03-06,-1.0705157558810279,-1.3270016816381869
G,M,2001-03-07,-0.13422838969018303,0.6146875755763422
Y,V,2001-03-08,-1.0824061664888742,-1.9778668027504362
Q,L,2001-03-09,-0.2057050277118429,0.33522570147965824
Y,I,2001-03-10,-0.997881395741159,1.443719156270678
S,H,2001-03-11,0.2219140968095237,0.3242066059964859
N,B,2001-03-12,1.5483265124573755,-1.1860607099631866
P,X,2001-03-13,-1.893059951473443,0.12662759677350077
C,K,2001-03-14,-1.0967326135421964,-0.08878840085405343
L,E,2001-03-15,0.035988082993786245,2.0871919961120464
P,R,2001-03-16,1.1306142959119252,-0.5589104118838718
U,F,2001-03-17,1.1323358203330238,0.10474060235897933
V,K,2001-03-18,-0.8542660918032384,-1.6852778369969634
R,G,2001-03-19,-0.11068413316751807,-1.0516735118932672
S,D,2001-03-20,-0.5010914284402191,0.794709531671972
N,N,2001-03-21,-0.7865796120913867,-0.312851562131333
L,F,2001-03-22,0.4954063388358284,-0.1869731060609978
K,Q,2001-03-23,-0.9498008679882834,-0.3175567439884004
Q,R,2001-03-24,-0.3105443559327385,0.15409826355196368
U,Q,2001-03-25,0.804057233827827,-0.317896612388183
U,N,2001-03-26,0.4317021569695984,0.7054794786951963
Y,I,2001-03-27,-0.020683526832831693,-0.12301685445939829
N,J,2001-03-28,-0.31387560624162814,-1.315475855542954
H,U,2001-03-29,-1.3625324249960955,1.6489167642288851
P,A,2001-03-30,-0.14933827170705816,-0.26289311687340966
A,J,2001-03-31,-1.2244876979116075,-0.3626145775682727
A,G,2001-04-01,-1.4786383375917056,-0.42789075411706784
P,J,2001-04-02,-1.0125991808864474,-0.20938377157031818
D,F,2001-04-03,1.0739664978026537,-0.8749439140177891
A,K,2001-04-04,-0.32703753037432054,-0.18634495014075772
O,Z,2001-04-05,-0.09486321082298847,-0.26970094839964337
H,B,2001-04-06,1.1702860520357738,-0.46252689895143306
O,U,2001-04-07,1.0480457111346935,0.6537711515719409
V,S,2001-04-08,0.12402944504790908,-0.09073132214532613
Q,K,2001-04-09,-0.2387714128826604,0.018995474807923435
B,W,2001-04-10,0.9426218488983332,1.1480512627551425
O,P,2001-04-11,-0.14243374120437235,-0.4937868189934198
Y,Z,2001-04-12,-1.1999343341463724,-0.8350614509368123
P,B,2001-04-13,-0.5390840308515421,0.015889393307494178
G,O,2001-04-14,-1.7463422532401982,-0.16984805777046305
L,K,2001-04-15,-0.2731344569980161,-1.6146644681346796
B,V,2001-04-16,0.34923447163266336,-1.4249824342301822
T,I,2001-04-17,-0.6645650450549674,-0.9531181677484446
F,L,2001-04-18,1.1895168975634076,-0.29802481363071553
E,S,2001-04-19,0.760034863068803,0.5305906620161212
C,N,2001-04-20,-0.1960138509601312,-0.28383200778393425
P,A,2001-04-21,-0.134300517459399,-0.5952430443193978
N,W,2001-04-22,0.897956823710813,1.4293388151025337
R,J,2001-04-23,-1.962542280324106,0.27628157471914183
I,H,2001-04-24,0.1714667128383551,-0.8111589321785474
V,Z,2001-04-25,0.2600662963372328,0.22881781274409738
O,H,2001-04-26,-0.09821026496923173,-0.9650011634730208
E,I,2001-04-27,-0.8210881625481276,-0.10904687376220888
M,Z,2001-04-28,0.9311532986404014,-1.341492038169121
O,A,2001-04-29,0.766800357240592,0.7692480496101611
I,Y,2001-04-30,-0.8214229550372276,-3.947037041487409
A,D,2001-05-01,0.9422775686268055,-0.040414595844526974
J,P,2001-05-02,0.5199240537843068,-1.420930956868394
T,F,2001-05-03,-1.1598926690059619,-2.907184663391485
D,N,2001-05-04,-1.089235574036192,0.001575613643272072
H,O,2001-05-05,-0.3200895907887673,0.2214958190446494
S,F,2001-05-06,-1.3385435416843503,1.3117491031318715
G,B,2001-05-07,-2.512575986066969,0.700430839190128
A,B,2001-05-08,-2.43564976452558,-0.3500078051303491
X,U,2001-05-09,-0.2916837893643558,0.18591084281363754
Y,G,2001-05-10,-0.7191808191417011,-0.2825067415117228
J,K,2001-05-11,-0.5434072487199226,-2.2451851041364477
K,H,2001-05-12,0.2059453972766739,0.23530508832441344
L,E,2001-05-13,0.034383679238367104,0.17678358928137616
G,Z,2001-05-14,0.29565143026217805,-0.6455623897834932
T,T,2001-05-15,-1.4246942106854261,-1.3403626259408583
M,I,2001-05-16,1.1625139120353074,-1.1466597642503116
V,P,2001-05-17,0.4485417848893999,-0.28882708118050315
P,E,2001-05-18,0.18052728962411216,1.4729459517572328
Z,W,2001-05-19,-0.24775821191419095,0.5371354186986891
J,D,2001-05-20,0.029410199361965598,0.28947825083709716
N,M,2001-05-21,1.038880817892689,-0.17794572610008536
A,N,2001-05-22,-1.402819440559264,0.21740818986067367
G,O,2001-05-23,-0.7774508931072142,0.8236509378104503
N,U,2001-05-24,-0.8345774189350715,-1.6894563426303135
M,H,2001-05-25,1.829271463723789,-1.0651945221967218
G,Q,2001-05-26,-1.5804014629194971,0.2853085945468621
U,P,2001-05-27,3.3507929872029614,0.34459114285366604
A,Q,2001-05-28,-0.20481901761479698,-0.5513094148731912
L,B,2001-05-29,0.6526193861109786,-0.6710282534565615
G,J,2001-05-30,0.5181773434989826,-1.1159164974024567
T,P,2001-05-31,-0.07490256337090176,-1.1144734554508646
H,L,2001-06-01,0.24526146725179707,1.0629972361521207
H,Z,2001-06-02,-0.5637590030396226,-0.7199204696783905
V,C,2001-06-03,1.3119147714265733,0.26287731250295093
T,B,2001-06-04,0.6974141412386723,-1.1596157365963387
N,N,2001-06-05,-1.4326014472899624,1.6295944390666954
X,J,2001-06-06,0.1612420481628957,-0.565915565314327
I,O,2001-06-07,0.1952487714589038,-0.7629718548628557
Z,B,2001-06-08,-1.7200567021463384,1.007840561274956
L,F,2001-06-09,1.1410443316127077,-0.44030304140124277
P,Z,2001-06-10,-1.2162176265978668,-1.0343869203988005
E,N,2001-06-11,-2.0072097247324163,0.5577105945757306
P,B,2001-06-12,0.3051499765626271,0.9598275172457758
J,M,2001-06-13,-0.19529988984399588,2.270061803960099
L,V,2001-06-14,-1.0783810597632544,-1.1820207435226318
U,F,2001-06-15,-0.16181385913872687,0.3243533795367032
Y,G,2001-06-16,0.8625693519055272,1.991531400290249
F,M,2001-06-17,1.770116325140163,0.690402403590338
S,N,2001-06-18,-0.7202133376053503,1.330946349122549
J,L,2001-06-19,-0.7342575348570114,1.4609544245956736
T,L,2001-06-20,1.0126357598341003,0.057585218936541165
V,G,2001-06-21,-0.33286610335623246,1.0116411358248951
S,N,2001-06-22,-0.5657841551473852,1.0002943474998718
B,E,2001-06-23,-0.5389173817929159,1.099095580471235
L,B,2001-06-24,-2.437313454485889,1.3729915093994212
N,J,2001-06-25,-1.1638091758687172,0.12419634541253892
H,T,2001-06-26,0.9192686761282813,-1.9714450883645096
S,F,2001-06-27,1.3215018142988042,-1.301691100972794
R,P,2001-06-28,0.20760650189245916,-1.3959562339886866
L,P,2001-06-29,0.8374084163484925,-0.8877743556532286
Y,D,2001-06-30,-0.16086253756407357,-1.6293468180005615
C,S,2001-07-01,0.07873338349003735,0.5307542858292155
L,I,2001-07-02,-1.0979446004835993,-1.3268486481273145
O,P,2001-07-03,-1.3413740367046936,-0.20131009211067658
I,Q,2001-07-04,2.3042705970219983,-0.5853237524261424
Y,M,2001-07-05,-1.94690166435773,1.631329964156642
W,T,2001-07-06,-1.4532319610812223,0.7424263376814081
V,F,2001-07-07,-0.5144178482556475,0.8187280720675716
H,X,2001-07-08,-1.2304834592572655,-0.6020681399150648
E,G,2001-07-09,1.0372905048315137,-1.228006506375115
J,J,2001-07-10,-0.12159256432654467,1.7565254989259116
V,O,2001-07-11,-0.09547283389779934,-0.5258603732757864
K,L,2001-07-12,-0.34103720295509,0.9900140869649264
P,O,2001-07-13,-0.058247690540871824,1.6664829645852115
Y,V,2001-07-14,-0.06158071186112164,-0.35547495843545407
P,U,2001-07-15,-0.7950765441375319,-0.5388139347727318
J,N,2001-07-16,1.4231547137812073,-0.030372104976387485
L,V,2001-07-17,-0.26880157894751455,1.1645604360461006
E,H,2001-07-18,-0.7847628270485563,1.8152557663479034
C,K,2001-07-19,2.174301214206078,0.31445399817409064
A,W,2001-07-20,-0.6317091100058424,0.9155803922961114
T,Z,2001-07-21,-0.413152961915004,1.1486644580038161
Y,R,2001-07-22,-0.8747874494256259,-0.8548627027694559
G,J,2001-07-23,0.6128649502283507,1.7609294770802313
G,F,2001-07-24,-0.5063687524145535,0.1462119015784257
G,G,2001-07-25,0.03418630388299516,1.3774176972377783
B,T,2001-07-26,0.5360605643496582,-0.14345501349479936
M,S,2001-07-27,-0.9981799206420675,-0.19784741858829263
J,P,2001-07-28,0.35748348431027727,-0.038025275407896256
E,L,2001-07-29,0.8735130489170908,-0.8917001595331208
Y,V,2001-07-30,-0.20736159385613648,0.16567019724985832
O,Y,2001-07-31,-0.2369120319391404,-0.3695927290072547
Q,L,2001-08-01,0.9569123725489793,-0.7505505313249287
U,Q,2001-08-02,0.22602151046107113,-0.5033226620200741
E,E,2001-08-03,1.3634974115886493,1.2143263503343986
O,V,2001-08-04,0.8112637302100251,-1.0710207940791387
A,I,2001-08-05,-0.022268263251131317,0.5990626757688806
W,A,2001-08-06,0.6250631079975133,0.37960395147917764
T,V,2001-08-07,1.377603125479035,-0.06635180817684566
P,X,2001-08-08,-0.43267808102672484,0.9216433065196864
S,R,2001-08-09,1.7407359274151983,0.539009004950745
M,W,2001-08-10,1.1723935030720727,-0.9211805985338105
G,Q,2001-08-11,-0.857676773253616,0.16483968028061805
U,A,2001-08-12,-0.008035852378739744,-1.6838985581482369
B,X,2001-08-13,-0.04772919106215034,0.26019871438898073
G,K,2001-08-14,-1.2637242111757072,-0.22307658074721415
B,X,2001-08-15,0.31736293558280143,0.8729659954940865
Z,Y,2001-08-16,-0.771652353253632,0.043811031453172014
E,K,2001-08-17,-0.7138350769020255,-1.3430411843440138
P,Q,2001-08-18,-0.7431253855490493,0.07893129871645058
L,B,2001-08-19,-0.13186542063270407,-0.36875109890900315
R,N,2001-08-20,0.350362743478972,-0.24895244621126356
W,L,2001-08-21,-1.9416741815884382,-0.8699577155924456
F,B,2001-08-22,0.3994904238039999,-2.830368460960768
A,E,2001-08-23,-1.1956931242513358,0.015703742955388348
G,B,2001-08-24,-0.963780674417522,0.47566940985431705
L,N,2001-08-25,-0.0962523514481849,-0.28095396654833565
I,S,2001-08-26,-0.24996544686027808,-0.0556173598808133
T,L,2001-08-27,0.23760955513011672,-1.4241530343783513
H,S,2001-08-28,-0.3594301329799866,0.025824656838665423
D,Y,2001-08-29,-2.544021525160394,0.6401265663771499
C,H,2001-08-30,-0.2876591673402206,1.7662542880389496
I,H,2001-08-31,0.39441775253801065,-1.137356974050277
C,U,2001-09-01,-2.2339577700049515,-2.005574970932157
E,K,2001-09-02,1.1642166405326722,0.7582832510379257
H,B,2001-09-03,0.13099976222699303,1.0179883884572027
U,U,2001-09-04,0.9809308870232623,-0.6009009065043814
A,I,2001-09-05,0.2731636768798601,-0.31064756062101073
Q,G,2001-09-06,1.472071033277581,-0.3088421321522946
Y,I,2001-09-07,1.689724318505731,-0.22203380073557236
Q,P,2001-09-08,0.5735221796437673,-0.7317324031664928
E,Y,2001-09-09,-0.748523249455238,0.41676022108235844
N,U,2001-09-10,-0.17299880304514623,1.0451035810341054
U,H,2001-09-11,-0.8463826905018951,-0.9628133721765569
Q,T,2001-09-12,0.38285587716259645,0.39927951087753105
X,Y,2001-09-13,-0.729097221657208,-0.1108856190290043
K,P,2001-09-14,-1.0892980590848067,-0.7445803863530164
O,I,2001-09-15,0.42213926759816867,0.01223813006669382
C,X,2001-09-16,0.15160383145413725,-1.3388985508408742
B,J,2001-09-17,-1.8339258439756962,-0.04960740407979562
M,N,2001-09-18,-1.0173268812929765,-2.5927331293959437
T,A,2001-09-19,1.6123067829364945,-0.5177635465908057
F,I,2001-09-20,-0.8849690048253048,0.9117579772604945
A,S,2001-09-21,-0.6618125233866288,-0.02818877107860164
M,U,2001-09-22,-1.1269805793549021,-0.5978446317422271
S,X,2001-09-23,0.2186669631686631,1.6708147323334137
S,K,2001-09-24,1.0382670510423873,-1.2634740858248596
E,S,2001-09-25,-0.8373918216282858,-0.23941023472902997
G,T,2001-09-26,-3.0633316026079305,0.1975359107736296
J,E,2001-09-27,1.1388298807850705,1.018665605195884
T,F,2001-09-28,0.39301214000581436,-0.2767433978438629
I,V,2001-09-29,-0.5141499337701269,0.7575758651993
S,U,2001-09-30,-1.8931352544989977,1.3491725905323422
A,I,2001-10-01,0.4591195554612333,-0.04800536416858361
O,A,2001-10-02,0.7311863465715148,2.1673518196641046
F,E,2001-10-03,-0.501061456947663,0.2663820488523572
X,O,2001-10-04,1.1041885355278878,0.257312352481695
U,B,2001-10-05,-0.12907810925909213,-0.6882625027154053
P,K,2001-10-06,0.1701193147329508,-0.4529915692706889
D,T,2001-10-07,0.9982856467116763,-1.7322537137481961
V,F,2001-10-08,-0.6087292776887473,0.789526708861146
E,A,2001-10-09,-0.08585355036742598,-0.9040003952844291
R,O,2001-10-10,0.1832567517460981,0.17801052474363768
L,P,2001-10-11,-0.6788191197650877,0.8850984483538454
Q,R,2001-10-12,1.6502547133927925,-0.7874803552042781
P,I,2001-10-13,1.197426366612895,0.9752508319424245
P,Z,2001-10-14,1.3625305669797791,0.36016096541359655
F,Q,2001-10-15,1.691743783109394,-0.5451264297586981
J,H,2001-10-16,-0.6032906441762709,0.12424628477065339
S,V,2001-10-17,0.785161576221031,0.8666906541920822
Y,E,2001-10-18,-1.6363258323566325,0.4306425258740479
I,H,2001-10-19,-0.8364584453325414,0.22350762489621215
X,A,2001-10-20,0.44503822312738806,-0.1731071750943951
T,J,2001-10-21,1.0855834930794552,-1.5684422745731321
O,I,2001-10-22,-1.3901325754225855,0.6558454116489773
M,D,2001-10-23,-1.9994267916888382,0.5677293747711805
Q,S,2001-10-24,-0.907361374873187,-0.10513983965614343
Q,T,2001-10-25,0.3366218686794663,0.25910545591444745
S,L,2001-10-26,-0.6027416831912712,-0.399533182758552
M,H,2001-10-27,-0.4380885624393983,-0.9444747976413629
V,O,2001-10-28,0.07240997592952957,-1.991084962337293
A,S,2001-10-29,-1.3187277093455498,0.6530153640146622
P,Y,2001-10-30,0.2712081336908017,0.34415560485701563
O,V,2001-10-31,1.608302773062568,0.08354413823033517
W,H,2001-11-01,0.5706752565378961,-0.875946599003971
L,I,2001-11-02,0.08415834836408903,0.1577717350556198
W,A,2001-11-03,0.729344855602425,-0.42465655330841784
D,R,2001-11-04,-0.34601613675667237,-0.8425955058575426
P,R,2001-11-05,2.032532715125678,0.5000523709258232
O,U,2001-11-06,0.2097374388099132,-0.213292844111968
M,H,2001-11-07,-0.2775184824481102,-0.3676716908597832
J,D,2001-11-08,-1.9846799317202275,-0.9177736163516645
L,E,2001-11-09,0.599425967089242,-1.7802975528827214
W,M,2001-11-10,-0.16024238687288037,0.36398452491891553
I,X,2001-11-11,-0.6411883554046894,-0.010243446898605553
V,K,2001-11-12,0.18986732116695798,-0.4674002459156507
M,K,2001-11-13,0.8951804069585777,-1.317196649911566
H,L,2001-11-14,0.6133343512683402,0.33986741678444793
A,L,2001-11-15,0.3504753120052351,-0.038036687548525135
Y,L,2001-11-16,1.0696068472477387,0.8839588898698129
K,K,2001-11-17,-0.9239988068112517,1.1109403206693051
T,Q,2001-11-18,-0.9649155629307431,-0.4086623459643635
F,C,2001-11-19,0.8239456538966355,0.548194087622244
A,J,2001-11-20,-0.3971148847941445,2.5771830350525367
G,G,2001-11-21,0.44705246330052534,0.3014197210514343
C,E,2001-11-22,1.4117241652518202,0.5266733259427668
U,D,2001-11-23,-0.7039931732867145,0.5387435158269149
G,Q,2001-11-24,-0.42856903177891686,-1.9764714958650795
P,Q,2001-11-25,-0.7151082734235582,1.2279703133068618
F,V,2001-11-26,-0.5688338490910283,-1.150959268590762
Q,H,2001-11-27,-2.2749839588743086,-0.38404080795024104
H,G,2001-11-28,-1.0131129418573845,0.8025908732167153
L,D,2001-11-29,-1.1317233934820234,0.29910205609086143
G,M,2001-11-30,-0.12215370240159176,-0.7325887871489484
T,J,2001-12-01,-0.38834550141262747,0.5985537848431829
N,A,2001-12-02,-1.1703324026549262,-1.7142779912875044
W,H,2001-12-03,-0.46431353993397084,-0.9493120273344196
P,V,2001-12-04,1.3766116447385937,-1.3482719086179409
N,F,2001-12-05,-0.6296470267607117,0.17700241312298506
O,L,2001-12-06,1.5266092227088397,-0.2716505040578142
K,E,2001-12-07,1.633634680324253,1.2568217546456157
O,M,2001-12-08,1.1795328235741194,0.6547237102906532
D,D,2001-12-09,-1.2264072056091273,0.05629358398034974
X,H,2001-12-10,2.2604374191865912,0.08499787012995415
S,T,2001-12-11,-0.48093341033377646,-0.42031197527439473
Q,X,2001-12-12,-0.5152358920518785,0.3746122577001684
J,E,2001-12-13,-0.837758726596813,0.6817153201980773
Q,V,2001-12-14,0.22276265000525206,-0.33075158917566577
E,Z,2001-12-15,-0.3005198643501175,-1.32485723086014
C,H,2001-12-16,-0.488874535317256,-0.6779414149569818
O,F,2001-12-17,1.390394906714927,0.5617841859416228
E,T,2001-12-18,0.2959910141654388,-1.425854611435671
K,M,2001-12-19,-1.7236298513285917,0.5399219116643825
I,O,2001-12-20,-0.6841304347585041,-0.09218165606871541
Y,Y,2001-12-21,-1.4649267807198565,-0.5611996956928373
R,G,2001-12-22,0.96993283974999,0.7994875875769835
K,L,2001-12-23,-0.24256056490700717,-0.9527136400124256
C,H,2001-12-24,-0.24765901315500471,1.5769616523189942
F,Z,2001-12-25,0.3540695981932028,0.4777368917612711
Z,O,2001-12-26,0.672009339940933,-0.19070290823376712
B,M,2001-12-27,1.6889767351516958,-2.017258953959641
R,J,2001-12-28,0.7697913554675211,-0.10570580209028287
P,G,2001-12-29,1.2248551344913348,-1.89898233841253
G,I,2001-12-30,-0.09500155053890562,-0.11780390322172284
I,S,2001-12-31,-0.22628241332290547,-0.2774799584463282
P,S,2002-01-01,-0.08139198550607404,1.7544435246674286
U,A,2002-01-02,0.8505897586683703,-1.2319180376778491
Y,H,2002-01-03,-2.2479545278482185,1.0676673604280036
B,S,2002-01-04,-1.5960924241717818,0.5752275788156563
G,W,2002-01-05,-0.37758731823976155,0.0633371152808843
N,N,2002-01-06,-0.1055851713716363,-1.0168468722451396
Q,I,2002-01-07,-0.247087136247548,-0.6735148742047782
L,M,2002-01-08,-0.4595092611989668,-0.5526006858472827
K,S,2002-01-09,-0.7887904737863857,-0.4815357316865354
E,H,2002-01-10,0.18446160666641323,-0.16436958164373808
I,U,2002-01-11,-1.0170188797959172,-2.415979404701511
L,P,2002-01-12,-0.46498513292165017,1.2071877793118455
O,B,2002-01-13,0.08346145761683693,0.13745728639247942
C,P,2002-01-14,-0.8280389722643055,-0.6969836670714135
H,Q,2002-01-15,-1.2648887936603337,2.730605047684334
G,Y,2002-01-16,-1.621129918645754,-1.443129078133488
Y,X,2002-01-17,0.3682810903420088,0.29736526432284205
H,V,2002-01-18,1.0402797436249467,0.6199038204362023
I,J,2002-01-19,1.2547203047855247,0.44968005653080084
