categorical_0,categorical_1,date,numeric_0,numeric_1,ts_type
Z,T,2000-01-01,0.4833920009531604,-0.6053410757216573,ts_A
D,G,2000-01-02,0.5842850222611263,-0.7858191784405798,ts_A
G,R,2000-01-03,0.4692365393725249,-0.5390168636773686,ts_A
R,J,2000-01-04,0.8030837231196052,-0.6685457552803818,ts_A
E,Z,2000-01-05,0.2144535386011677,-0.21512503121484816,ts_A
N,H,2000-01-06,-0.42338381039872885,0.32021854487234497,ts_A
R,R,2000-01-07,0.37485310040176967,0.4085180597729685,ts_A
W,N,2000-01-08,-0.02145930722526803,-0.9271399969414472,ts_A
W,Y,2000-01-09,-1.7732500011517032,0.8899742095301999,ts_A
F,C,2000-01-10,0.041646592387543445,1.0938880637387987,ts_A
N,A,2000-01-11,2.0850853594542147,0.5499094258289623,ts_A
O,C,2000-01-12,0.3817796089833593,0.730773138862486,ts_A
F,E,2000-01-13,-0.5192472944317014,0.6509093722106293,ts_A
S,Q,2000-01-14,-1.0926815180273348,-0.4227985720087723,ts_A
K,Q,2000-01-15,1.129123840213868,-2.3233201806848722,ts_A
S,Y,2000-01-16,-0.14516045041625,0.02601611473106405,ts_A
W,F,2000-01-17,-1.2706629469913486,-0.00043968699372012193,ts_A
E,C,2000-01-18,-0.1976736955945341,-0.08338962018709352,ts_A
Z,P,2000-01-19,0.1225746564133083,0.07826009523430687,ts_A
V,L,2000-01-20,1.1391840182884443,-0.4722962512248364,ts_A
D,W,2000-01-21,-1.2071322102992625,0.7955081773976521,ts_A
V,V,2000-01-22,0.2620546283248022,0.8083489829909383,ts_A
G,N,2000-01-23,-0.8570654382169824,0.1308643919404474,ts_A
C,Y,2000-01-24,1.1782215556702658,-0.10704753025711346,ts_A
R,Q,2000-01-25,-0.6219220574676931,-0.2916371517188469,ts_A
H,P,2000-01-26,1.6631356049069037,0.8905132498537522,ts_A
O,X,2000-01-27,0.3666251352500848,0.027847969914909825,ts_A
V,K,2000-01-28,-1.206819615271407,0.17180206579436416,ts_A
S,J,2000-01-29,-1.4837318604448744,0.4358703734423193,ts_A
X,E,2000-01-30,-1.2504442563097684,-0.6033473136375104,ts_A
W,Y,2000-01-31,-1.5074586109951285,-1.6992948006779534,ts_A
L,D,2000-02-01,-0.20107680996348204,-1.1271538102428724,ts_A
Z,J,2000-02-02,1.8501070101770911,0.41869191268259925,ts_A
B,Q,2000-02-03,0.556474283878132,0.7316736669878887,ts_A
S,W,2000-02-04,0.2401415916604896,0.3854594478084085,ts_A
E,M,2000-02-05,0.5235963719837655,-1.3312740050355671,ts_A
J,J,2000-02-06,-0.5274176708601765,0.8385792674072229,ts_A
D,D,2000-02-07,-1.0418926832229427,0.8788775886809252,ts_A
A,M,2000-02-08,0.5380145456802397,-0.6321103781554736,ts_A
A,U,2000-02-09,0.8624683193131152,0.7316504460356315,ts_A
N,U,2000-02-10,0.19388470875026795,0.263592495599821,ts_A
R,U,2000-02-11,-0.05343327923523478,0.1487475786902213,ts_A
T,A,2000-02-12,-1.1240224123596463,0.4486062298297247,ts_A
L,K,2000-02-13,-0.5034760624054399,0.3203759032766613,ts_A
O,H,2000-02-14,1.0356037510993625,0.4605907943223672,ts_A
A,J,2000-02-15,0.370134755152794,1.1904506523321818,ts_A
M,V,2000-02-16,-0.9035466907388509,-2.0438187302989883,ts_A
C,N,2000-02-17,-0.9627409161756298,-0.007605140761694311,ts_A
X,H,2000-02-18,0.8558833553571574,1.004405532232745,ts_A
F,P,2000-02-19,0.1277392861597982,-0.20103101028388798,ts_A
Z,T,2000-02-20,0.10867037384542402,-1.4647049647392822,ts_A
R,B,2000-02-21,1.0076917964206058,-0.48150836517814705,ts_A
B,B,2000-02-22,-0.16538293202822338,0.27423893166937074,ts_A
S,R,2000-02-23,0.2741820127768876,0.0594030346649653,ts_A
T,O,2000-02-24,-0.8452579173775451,0.343944419376514,ts_A
X,J,2000-02-25,1.5440370220245094,-2.7351817911729004,ts_A
X,Y,2000-02-26,-0.5038770876388861,-0.6037512893740843,ts_A
T,J,2000-02-27,-0.7548815981381956,0.09975894481213177,ts_A
F,J,2000-02-28,1.004116551975352,1.00444368515053,ts_A
M,Q,2000-02-29,2.2472916833591507,0.3302955780742472,ts_A
K,I,2000-03-01,0.21307087964399232,-1.8847637426583417,ts_A
Q,K,2000-03-02,-1.241589702671698,-0.07585294190251105,ts_A
G,P,2000-03-03,-0.7882320525610318,0.11165360653215675,ts_A
J,W,2000-03-04,0.43794523094306875,0.14609408501560575,ts_A
U,N,2000-03-05,0.021089507167630913,-0.40307945966817815,ts_A
N,E,2000-03-06,-1.1317009079055014,0.8347886428050918,ts_A
E,C,2000-03-07,1.698362665162625,1.2025836315362077,ts_A
L,S,2000-03-08,-0.508482314115918,0.10138523717900647,ts_A
P,B,2000-03-09,0.3719470572278557,0.8955706281962941,ts_A
M,M,2000-03-10,-1.1870723143031419,-0.6963259237417135,ts_A
G,H,2000-03-11,-0.9384935342210989,0.17902040774522424,ts_A
V,G,2000-03-12,-0.2684673538687457,-1.152480508412413,ts_A
G,Y,2000-03-13,-1.155209665898987,0.7449933008305749,ts_A
W,Y,2000-03-14,-1.061708981549245,0.7220450261699536,ts_A
V,C,2000-03-15,1.6777909093544958,-1.80452968170614,ts_A
S,G,2000-03-16,-2.3501261202837376,0.9721328234429703,ts_A
Q,L,2000-03-17,-0.3979446143547327,1.9716509375178324,ts_A
H,Y,2000-03-18,0.33830456520015895,0.6830477123566475,ts_A
S,N,2000-03-19,-1.39244339349482,-0.018900460551270384,ts_A
K,G,2000-03-20,0.2860415138396775,-0.92284265585936,ts_A
R,N,2000-03-21,0.9062979418595005,1.6725211039251526,ts_A
W,G,2000-03-22,1.1993820498271415,-0.03764090992504536,ts_A
A,W,2000-03-23,-1.5157797576123337,0.08075905408571862,ts_A
R,X,2000-03-24,0.7029977718131462,-0.3110850856205024,ts_A
T,O,2000-03-25,-0.18262557248664085,0.47097697672201205,ts_A
C,U,2000-03-26,0.16491540600664104,0.05843304471761021,ts_A
Y,Z,2000-03-27,-0.16084032123131575,0.8334224998106993,ts_A
A,W,2000-03-28,-0.15935935221447078,-0.3372574715302499,ts_A
Q,P,2000-03-29,0.35060096291947684,-0.9619492089900258,ts_A
O,H,2000-03-30,-0.8691536901916016,0.220532303193678,ts_A
X,J,2000-03-31,0.3957608651923317,0.9232371850635801,ts_A
R,K,2000-04-01,-0.20786410977774186,0.09509917555168072,ts_A
F,H,2000-04-02,-0.778715756037447,-0.7470251233173748,ts_A
X,V,2000-04-03,-0.5391212024701652,-1.889968093117989,ts_A
K,S,2000-04-04,0.6758252063327265,-1.2374411112846615,ts_A
K,Y,2000-04-05,-0.3060155926165213,-0.1321834023798251,ts_A
G,L,2000-04-06,-0.4978114950780313,1.8217634239121743,ts_A
S,L,2000-04-07,0.981963857956462,-0.10393484102008123,ts_A
T,Y,2000-04-08,-0.008907719418322446,-0.8023676430170497,ts_A
J,A,2000-04-09,0.20548906515985527,0.8124825508553756,ts_A
N,B,2000-04-10,-0.6989235132469964,0.10124965772643665,ts_A
H,D,2000-04-11,-0.46784874045873026,-0.1370487102362671,ts_A
B,E,2000-04-12,0.14339290819049494,-0.5787574526841044,ts_A
B,N,2000-04-13,0.2516349585604873,1.9702747971395707,ts_A
C,W,2000-04-14,-1.276028142122225,0.3032278294210828,ts_A
Q,Z,2000-04-15,-0.8237822407223624,-1.5122355849055957,ts_A
B,B,2000-04-16,0.5820157396631928,0.05861696019261849,ts_A
F,K,2000-04-17,-0.2616150639697211,0.4709428471662438,ts_A
O,E,2000-04-18,0.8507799978030779,-0.2304375191951618,ts_A
R,O,2000-04-19,0.426023776844354,0.2684754165041205,ts_A
P,W,2000-04-20,-0.20947096206129112,-0.1118818826284516,ts_A
A,N,2000-04-21,-1.55499112926693,0.8868285037699135,ts_A
Z,K,2000-04-22,0.4538122255450384,0.10799027804537285,ts_A
F,B,2000-04-23,0.5718279106515166,0.431327013263391,ts_A
H,K,2000-04-24,-0.8060483358612596,1.1889480427641996,ts_A
R,O,2000-04-25,-1.2802316267712788,-0.4569811372445087,ts_A
B,P,2000-04-26,0.48874447263769155,0.4871570722105357,ts_A
V,M,2000-04-27,-1.0640380383748358,-0.05580169522882139,ts_A
I,Z,2000-04-28,-0.9655229818254403,0.6325354270842797,ts_A
R,R,2000-04-29,0.4560322510901695,-1.3030757980223024,ts_A
K,X,2000-04-30,-0.10143246388805865,-1.3222270303650754,ts_A
D,P,2000-05-01,0.30052409373200784,1.829432117875111,ts_A
K,C,2000-05-02,0.7192269188145508,0.8345439616480497,ts_A
L,M,2000-05-03,-0.9380081219288708,-0.4056138562211036,ts_A
R,S,2000-05-04,-0.3512903072804376,0.774247992829749,ts_A
Q,P,2000-05-05,0.7651309135828472,-0.9277145351770648,ts_A
F,S,2000-05-06,1.7436733565975293,0.8619751314457145,ts_A
Z,Z,2000-05-07,0.6305457183446664,-0.8487447482093761,ts_A
X,F,2000-05-08,0.8892295606163721,-0.413256796145759,ts_A
F,H,2000-05-09,0.4515650376301537,-0.9501207192398108,ts_A
A,F,2000-05-10,-0.7886975843369286,-0.2945959287549233,ts_A
K,S,2000-05-11,0.05547925048965748,0.13729064661603096,ts_A
J,D,2000-05-12,0.5553257839581229,-1.1670953895156686,ts_A
O,M,2000-05-13,0.39912524712713043,-0.6448947367403642,ts_A
Y,W,2000-05-14,0.4134149516354507,1.03244953419377,ts_A
B,I,2000-05-15,-0.33313165540276685,-1.2900223012180108,ts_A
X,M,2000-05-16,-0.8549280627499033,-0.17371636111801306,ts_A
O,G,2000-05-17,0.8564097808919171,0.884741064317055,ts_A
R,V,2000-05-18,1.1573307317062245,-0.45289615588738547,ts_A
U,O,2000-05-19,-0.8266659651371042,-1.875889284516206,ts_A
B,O,2000-05-20,0.5991821572127962,0.3818680882105725,ts_A
J,S,2000-05-21,1.2624825234703845,-1.4316867069924903,ts_A
R,E,2000-05-22,0.7097481353719751,0.03023344072737055,ts_A
B,X,2000-05-23,0.7722239312389029,-0.4752282569866688,ts_A
T,T,2000-05-24,-0.04765251534192837,-0.08647810587157956,ts_A
S,A,2000-05-25,-0.42098470512792924,-0.11055377604935969,ts_A
W,T,2000-05-26,-0.8077755172322139,-0.19825213112686843,ts_A
Q,N,2000-05-27,0.5293661426398014,-1.2188342414687714,ts_A
T,D,2000-05-28,1.5010311644525345,-0.5614163140304619,ts_A
W,X,2000-05-29,-0.19913025745202567,0.3713684898472305,ts_A
P,H,2000-05-30,0.897453136047553,0.7683199750480679,ts_A
E,Y,2000-05-31,1.4730025485634264,0.23701895603392384,ts_A
P,S,2000-06-01,0.30778145813463265,-1.3318705487587261,ts_A
U,Q,2000-06-02,-1.7701919652818539,-2.1919062271165752,ts_A
G,D,2000-06-03,0.4245619904501145,-0.5384612344053912,ts_A
K,O,2000-06-04,0.9149746591725625,0.6175250497254705,ts_A
C,E,2000-06-05,-2.068454950156368,-1.4685290084480709,ts_A
K,N,2000-06-06,-0.3334289964290447,-0.5205418883097466,ts_A
W,M,2000-06-07,-0.7292145246543905,-0.5952575917101677,ts_A
P,C,2000-06-08,-0.48477867011045944,-0.753213228211167,ts_A
T,J,2000-06-09,-0.5873277590990735,0.7714335044092905,ts_A
A,L,2000-06-10,-0.6794162234019523,1.3160331673438301,ts_A
V,G,2000-06-11,-0.009100154558090693,0.6736901022387645,ts_A
F,F,2000-06-12,-0.567139667555913,0.03667030294727438,ts_A
C,T,2000-06-13,0.49835750493835773,-0.6012430652182201,ts_A
U,O,2000-06-14,-1.763873304377382,1.433147959271548,ts_A
B,P,2000-06-15,1.1176789243595249,0.34919716906870363,ts_A
W,M,2000-06-16,0.9399949636283718,-0.1737156323730159,ts_A
G,U,2000-06-17,-1.5508844384268408,0.48583682061171485,ts_A
Z,D,2000-06-18,-0.30629358732413464,-1.5816350622611715,ts_A
K,G,2000-06-19,-1.003197173069547,1.8760376382432662,ts_A
C,L,2000-06-20,0.8853201941083017,1.1332440933866228,ts_A
D,C,2000-06-21,0.8934801684748811,0.7242753376810567,ts_A
Z,A,2000-06-22,0.3553051201540262,-0.040023081856061175,ts_A
X,I,2000-06-23,1.7005918651799095,-0.1564236385987081,ts_A
B,E,2000-06-24,1.5474326387796085,1.1183338984069928,ts_A
R,T,2000-06-25,0.05950957414368956,-0.33061767349484694,ts_A
E,P,2000-06-26,-1.5480100036392899,0.943333858713617,ts_A
H,B,2000-06-27,0.1889479875234577,-0.7340716618637977,ts_A
K,T,2000-06-28,0.16359692108204715,-2.1094159869179903,ts_A
X,P,2000-06-29,0.1920409758825523,0.8370923728374734,ts_A
E,C,2000-06-30,-0.9657655017378174,-1.841527836354978,ts_A
R,A,2000-07-01,0.7881557876598814,1.2792070096860055,ts_A
T,W,2000-07-02,-0.7962453016198399,-0.48390599557785174,ts_A
V,Y,2000-07-03,0.6617594712010211,0.15310483935958827,ts_A
I,S,2000-07-04,0.33567600317041013,1.645003833534936,ts_A
E,Z,2000-07-05,-0.6099617623936208,0.09255518085223116,ts_A
X,T,2000-07-06,-1.1620223652063535,0.4238668265557267,ts_A
Y,G,2000-07-07,-1.1493013592747459,-1.4690073589962507,ts_A
B,N,2000-07-08,0.15198365336632297,-2.042237223366224,ts_A
Z,E,2000-07-09,-0.7280945094440163,-0.4820003598029271,ts_A
O,D,2000-07-10,0.6361200583434158,-0.9783745282231107,ts_A
V,K,2000-07-11,-0.2011333957517198,0.3980414966591304,ts_A
O,G,2000-07-12,-1.7293878776327318,0.8407397817073897,ts_A
A,E,2000-07-13,-1.4071598225415196,0.41926124806401865,ts_A
D,W,2000-07-14,-0.8195903010754364,1.3217248715322185,ts_A
S,U,2000-07-15,0.46844477156617675,-0.42626625610963065,ts_A
M,R,2000-07-16,-0.21581962895499926,-0.9580291851495575,ts_A
U,H,2000-07-17,-0.22587979497227276,1.4276624970091425,ts_A
A,S,2000-07-18,-0.724601750412574,-0.685711969437183,ts_A
X,D,2000-07-19,-0.17557553362765901,-1.2840201805077067,ts_A
V,J,2000-07-20,-0.7590607125777997,-0.08152705429589585,ts_A
U,H,2000-07-21,0.40700942796937356,0.11308320237049722,ts_A
T,B,2000-07-22,1.5891138723435088,-0.10249721507212457,ts_A
N,Z,2000-07-23,-0.6793214552079917,-0.8870449099417284,ts_A
V,L,2000-07-24,3.0521444524317336,-0.8475107850514111,ts_A
U,X,2000-07-25,1.2407165465844912,-1.0917387864473092,ts_A
W,A,2000-07-26,1.025482031126698,0.31187743994001876,ts_A
V,R,2000-07-27,-0.6320922867925161,1.0087130531487558,ts_A
O,L,2000-07-28,1.5137816766146106,0.595189318791631,ts_A
R,Y,2000-07-29,0.9359348832766503,2.0209700877004053,ts_A
R,M,2000-07-30,0.8363088104607432,-0.713909186631123,ts_A
S,N,2000-07-31,0.5709833171534798,2.1432416011267867,ts_A
V,F,2000-08-01,-0.45767343454033527,0.5737276043214137,ts_A
Z,V,2000-08-02,1.5962621366852632,-0.6892166775729555,ts_A
T,C,2000-08-03,-1.5650764942375777,0.47117920980130784,ts_A
I,N,2000-08-04,-0.40424130890370685,1.1657588516726363,ts_A
N,A,2000-08-05,1.6283302431687066,-1.000856887091068,ts_A
P,K,2000-08-06,0.22031088234722151,0.6131697141007691,ts_A
E,G,2000-08-07,0.29307544018711734,-1.1096175372624257,ts_A
N,Z,2000-08-08,0.9111789728535136,-1.4049857098585654,ts_A
L,L,2000-08-09,-0.9755055803401405,0.11926777745198335,ts_A
O,V,2000-08-10,-1.3889870632808263,0.8024045731877043,ts_A
Y,Z,2000-08-11,-0.5623989101438946,-1.2908888331605828,ts_A
Y,Z,2000-08-12,-0.12275347332338206,1.1384941565139106,ts_A
U,E,2000-08-13,-0.6569831306846368,0.05809130811621168,ts_A
H,R,2000-08-14,-0.9016594195672538,-1.6786015052655352,ts_A
D,I,2000-08-15,0.23889871948945535,1.3730976814027123,ts_A
L,G,2000-08-16,-0.9775138971651722,-0.40198307329619987,ts_A
S,N,2000-08-17,0.845048569899954,0.06060862689430763,ts_A
N,M,2000-08-18,-0.531825600452325,1.322601934151759,ts_A
K,W,2000-08-19,0.023943129056631797,0.8122537627707253,ts_A
W,H,2000-08-20,0.30282547886707833,-1.3254331896921476,ts_A
F,N,2000-08-21,-2.0145348633969453,-1.226958937654195,ts_A
Y,V,2000-08-22,0.783319324846376,-0.13020754023647252,ts_A
V,V,2000-08-23,-1.0942076559876492,-1.1099943089100286,ts_A
M,R,2000-08-24,1.4800731403042273,-0.6608063465778452,ts_A
Y,N,2000-08-25,-1.2525741610238952,1.0121566348028657,ts_A
B,C,2000-08-26,-0.9454700144304455,0.5774838366017853,ts_A
C,D,2000-08-27,0.8873705424733164,-0.45797008377504983,ts_A
Z,S,2000-08-28,0.11504454060866154,-0.20078486975170917,ts_A
G,B,2000-08-29,0.028877975702873374,-1.3927952224089104,ts_A
P,T,2000-08-30,0.5907746558958126,-0.3664914241752853,ts_A
R,V,2000-08-31,1.2663747366346663,-1.1391764628155712,ts_A
K,I,2000-09-01,0.4317670078863694,-0.44356711894738193,ts_A
M,L,2000-09-02,-1.303393933446152,-1.5897878407084078,ts_A
M,E,2000-09-03,-0.6312177130161909,-1.3794411302631557,ts_A
J,D,2000-09-04,-1.787288245159286,1.0072036856682052,ts_A
I,O,2000-09-05,-0.402806769006051,-0.006582802806958152,ts_A
K,H,2000-09-06,-1.5572250300902102,0.05438290836630502,ts_A
K,D,2000-09-07,-0.8519278052442063,-0.543698386737598,ts_A
I,U,2000-09-08,-1.2980184527459506,0.41831652288489685,ts_A
I,Z,2000-09-09,-1.6640512517012944,0.21137735992979434,ts_A
W,E,2000-09-10,-0.5847510846174436,-0.14736983748526242,ts_A
N,M,2000-09-11,1.7154314946721745,0.731798223244395,ts_A
A,A,2000-09-12,-0.10747257778249217,-0.6330259458743844,ts_A
B,L,2000-09-13,1.062839971786151,-1.9868770895194532,ts_A
D,F,2000-09-14,1.2811185170678026,-0.08904643100996036,ts_A
R,F,2000-09-15,1.3111322111419357,-1.763136357398245,ts_A
V,N,2000-09-16,-1.2858688638994542,-2.089039375209633,ts_A
H,H,2000-09-17,1.2369640092221883,-0.05826884571065104,ts_A
Q,K,2000-09-18,-0.7529432129704511,1.4858239203230883,ts_A
Z,P,2000-09-19,-0.3367594306907303,0.6911276525030452,ts_A
I,E,2000-09-20,0.07090191683638992,-0.5628670896510372,ts_A
F,Y,2000-09-21,0.21864972323781978,-0.18686677776714314,ts_A
D,X,2000-09-22,0.14951109168943413,0.29709645619837827,ts_A
A,L,2000-09-23,0.007696707558921227,-0.442078541255406,ts_A
Z,V,2000-09-24,2.073459142766281,0.4897617513676939,ts_A
A,N,2000-09-25,-0.22599989912275997,-0.440868967808133,ts_A
Q,A,2000-09-26,0.7434462079233016,-0.06765328931597688,ts_A
D,W,2000-09-27,-1.1749407606010867,-1.7408178763997009,ts_A
O,R,2000-09-28,-0.22548782405802248,2.0096099278478827,ts_A
U,K,2000-09-29,1.950281990750285,-1.6369315409134702,ts_A
U,K,2000-09-30,-0.31608986738707057,-0.6930472689626513,ts_A
W,R,2000-10-01,0.34192748386102695,-1.0584327614969262,ts_A
I,Q,2000-10-02,1.8584206513930654,0.3347215340936428,ts_A
W,B,2000-10-03,-0.8448152083314122,1.5176643872338382,ts_A
E,B,2000-10-04,1.0689066132576448,-0.15388937842055703,ts_A
Z,D,2000-10-05,-0.445270578398097,-0.558735615872127,ts_A
Z,K,2000-10-06,1.2469640153415353,-0.3311455511797346,ts_A
F,H,2000-10-07,-0.10367903375747367,-0.12323183782758981,ts_A
P,F,2000-10-08,0.8413174905135825,0.869053414812423,ts_A
R,Q,2000-10-09,0.29005127900164585,-0.5154639541937315,ts_A
F,L,2000-10-10,1.3544519577545993,-0.6419996717203527,ts_A
X,E,2000-10-11,-0.27529238940224293,-0.8566619269127095,ts_A
Y,F,2000-10-12,-0.6622553923432178,1.2178841724827858,ts_A
H,I,2000-10-13,0.2978313064998421,1.3156775698165852,ts_A
C,R,2000-10-14,-1.3487770407790314,-1.7427869095698567,ts_A
F,K,2000-10-15,-1.4441257140212056,0.2707304173179479,ts_A
Z,V,2000-10-16,0.20506621122787502,0.24926982739422032,ts_A
Q,F,2000-10-17,-0.6604897694207309,0.24881328909359995,ts_A
R,H,2000-10-18,-0.9865951390862951,-1.3672086714531424,ts_A
E,U,2000-10-19,-0.24260065112949375,-0.32215852379805165,ts_A
V,F,2000-10-20,-0.9589983819837508,-0.8567805922245565,ts_A
L,P,2000-10-21,-0.7585209884455918,0.6728872467529801,ts_A
V,T,2000-10-22,1.1681948159915785,-0.3468393062935359,ts_A
P,U,2000-10-23,0.6617404711689638,-0.9428389822788732,ts_A
E,H,2000-10-24,1.3158077858572517,-1.2313568086559608,ts_A
N,L,2000-10-25,0.05601463715749193,0.08435975889818446,ts_A
I,Q,2000-10-26,-2.153933190897486,0.7352385185478518,ts_A
K,B,2000-10-27,0.8908277826885828,0.7957233237818743,ts_A
S,J,2000-10-28,0.05522735438370228,-0.02755599513767339,ts_A
F,G,2000-10-29,1.6062687171248053,0.9869852814014928,ts_A
S,R,2000-10-30,2.2058001525669746,-0.5585295467263417,ts_A
P,X,2000-10-31,0.11172327732981027,-0.2915866885744536,ts_A
H,C,2000-11-01,0.6994400610042707,1.5107104194425873,ts_A
W,X,2000-11-02,-0.6219437627787074,1.336639638997344,ts_A
L,E,2000-11-03,-1.77185020555104,0.4737039858191477,ts_A
Z,Q,2000-11-04,-0.36684018970767174,-1.3217189662904405,ts_A
I,Y,2000-11-05,-0.15932067200552016,0.25102060794024333,ts_A
G,S,2000-11-06,0.7517143356674066,-0.5987549798864109,ts_A
X,S,2000-11-07,0.4601627503391062,1.8983310899493069,ts_A
S,N,2000-11-08,-0.16259369139136573,-1.104208653430964,ts_A
G,R,2000-11-09,1.867532737954146,-0.4361483640540289,ts_A
L,B,2000-11-10,-0.19106229675470518,0.07098742598591885,ts_A
A,V,2000-11-11,0.399134001431217,0.28056900700108495,ts_A
D,H,2000-11-12,-0.8458670745365399,0.18451668438985883,ts_A
E,O,2000-11-13,1.4864864151855324,-1.1300094745849893,ts_A
Y,H,2000-11-14,0.8140551102988589,1.1404038919403003,ts_A
L,W,2000-11-15,1.2054701770888219,0.518041147925567,ts_A
U,F,2000-11-16,0.2078377771109858,-0.356812568833332,ts_A
B,B,2000-11-17,1.3129457986012367,0.2630734259908675,ts_A
F,P,2000-11-18,0.824489819397755,-1.3612932608703368,ts_A
F,B,2000-11-19,2.286138587117412,0.2623429608112376,ts_A
F,Y,2000-11-20,1.9906494051168002,1.0633235524788731,ts_A
X,X,2000-11-21,-1.116243916936848,0.29966182979248784,ts_A
M,E,2000-11-22,-0.4345455081300387,0.9370994095223006,ts_A
I,O,2000-11-23,-0.13982309680253394,-0.20752904681543563,ts_A
S,D,2000-11-24,1.4384726781187325,0.19007935603579673,ts_A
L,Q,2000-11-25,-0.5520618186017784,1.6971797708732235,ts_A
W,O,2000-11-26,-1.4153174612435424,1.8132695702737198,ts_A
U,N,2000-11-27,-0.8556674313470239,1.4621862126143992,ts_A
X,W,2000-11-28,1.4486090201191217,0.8802272646570539,ts_A
K,W,2000-11-29,-0.9442356974752816,0.16666150307360836,ts_A
W,X,2000-11-30,-0.15599142736843657,-0.4631787619842267,ts_A
X,J,2000-12-01,0.16713546598866091,-1.3982196827346032,ts_A
C,B,2000-12-02,-0.5038070019659967,0.08298306643425403,ts_A
Z,Y,2000-12-03,0.7518570573324002,0.36975724494333556,ts_A
M,B,2000-12-04,0.012790703649757826,-0.5360984632024028,ts_A
Y,H,2000-12-05,-0.08381044078776316,0.2512608637196721,ts_A
D,S,2000-12-06,0.6366678719035598,-0.4335509702469169,ts_A
X,G,2000-12-07,-0.5643703867767546,1.0777504204833255,ts_A
C,Y,2000-12-08,-1.9151622637440198,0.6321641291972203,ts_A
F,L,2000-12-09,0.24664185899481753,0.46723153455064775,ts_A
K,D,2000-12-10,0.7615297491742047,-0.24105710217817872,ts_A
L,R,2000-12-11,-1.2412042346759624,-0.35484128603758874,ts_A
L,D,2000-12-12,-0.512434833613899,-0.19650856998371727,ts_A
G,E,2000-12-13,-0.15726374952307234,-0.5027297570240342,ts_A
G,B,2000-12-14,-0.06034129179066876,0.09891866471269922,ts_A
F,C,2000-12-15,0.10206542177532166,0.2467151745162678,ts_A
R,G,2000-12-16,-0.20638431530240553,-0.9481469811603753,ts_A
C,X,2000-12-17,-0.8042655193370442,-1.0523564827345726,ts_A
I,F,2000-12-18,0.6241273883156395,-0.5002441690646577,ts_A
F,C,2000-12-19,0.03490613010018451,-0.766000149006324,ts_A
Y,B,2000-12-20,-0.2696997621660191,-0.3063655917473964,ts_A
F,F,2000-12-21,-0.043156080020446616,0.6136067653197194,ts_A
I,R,2000-12-22,-0.5520221530336972,1.5003259444254475,ts_A
U,R,2000-12-23,1.1526621581147924,-1.9381493202060436,ts_A
F,S,2000-12-24,-0.3260867915049732,-1.1344265980190704,ts_A
G,J,2000-12-25,-0.6395394232517415,-2.180513760190839,ts_A
F,P,2000-12-26,-1.0824416062042408,1.465150525667655,ts_A
Z,H,2000-12-27,-0.8481805023843996,-1.255522644599076,ts_A
E,Y,2000-12-28,-0.05277461582120199,1.681158463974882,ts_A
Y,O,2000-12-29,0.05278409363571578,-0.26997985516460143,ts_A
V,K,2000-12-30,0.32765038911233735,-0.974676130472868,ts_A
A,A,2000-12-31,1.2658453677734007,-0.5840430235972717,ts_A
B,H,2001-01-01,0.3409252758188989,1.7627066600537158,ts_A
W,K,2001-01-02,1.4632426856127179,-0.0017928156946198006,ts_A
D,B,2001-01-03,-1.251115968733277,0.8260083522507826,ts_A
N,H,2001-01-04,-0.25869083477579863,-0.13366994275964483,ts_A
D,J,2001-01-05,0.004167113154122089,-0.2786281030423939,ts_A
Z,S,2001-01-06,-0.43062189491711617,-0.15872491673032124,ts_A
U,T,2001-01-07,1.6719206999453151,-0.03627736330403402,ts_A
P,R,2001-01-08,-0.6937228757110877,-0.7016028377981124,ts_A
J,L,2001-01-09,-0.0017674337388180683,1.4577271358853507,ts_A
Q,O,2001-01-10,-0.9719602305320207,1.0012316963918861,ts_A
M,V,2001-01-11,-0.24677646655519184,-1.9363529026442703,ts_A
G,L,2001-01-12,0.8245430382811241,0.05434300712357219,ts_A
B,P,2001-01-13,1.135476051382762,1.1932698323990476,ts_A
I,G,2001-01-14,-0.580053686489832,0.32397669247095773,ts_A
V,X,2001-01-15,-0.20607325841942004,1.2554079064974444,ts_A
Y,I,2001-01-16,-0.8932428049558093,-0.501992454239496,ts_A
J,J,2001-01-17,1.0154193150209951,-0.09946540530896453,ts_A
Z,H,2001-01-18,-0.20349262285534667,0.902461395687865,ts_A
T,N,2001-01-19,2.24410956871328,-1.384175880206684,ts_A
Y,R,2001-01-20,-1.4511960762325624,0.541546134783748,ts_A
G,C,2001-01-21,-0.01368298992158669,-0.9800220362356932,ts_A
J,F,2001-01-22,-0.19813426858933375,-1.1782608359789541,ts_A
O,T,2001-01-23,1.6824737962170675,0.334849661133437,ts_A
A,E,2001-01-24,-0.21611786269603478,-0.1956821826028332,ts_A
I,Y,2001-01-25,1.0525977101544832,-0.6217490257149523,ts_A
C,D,2001-01-26,0.2867864138793361,0.074630507420042,ts_A
N,B,2001-01-27,-0.8777278135809025,1.2867793133474548,ts_A
W,R,2001-01-28,-0.6259789318863841,0.006182137821810323,ts_A
T,O,2001-01-29,0.716488399800917,-0.3765372347612912,ts_A
W,A,2001-01-30,0.11381119741022397,1.0639011287410534,ts_A
A,C,2001-01-31,-1.4443442231402683,1.3286874898024021,ts_A
F,E,2001-02-01,-1.811704872515678,0.6633408293878021,ts_A
Z,M,2001-02-02,0.37982777307246834,0.20900293661301705,ts_A
Q,Z,2001-02-03,-0.2859758751842295,0.49657034263461713,ts_A
U,B,2001-02-04,-1.9713651104589849,-0.08866483512656444,ts_A
D,H,2001-02-05,1.3430084775062958,0.653464107004786,ts_A
O,O,2001-02-06,1.1056986022922701,-0.4973059396031291,ts_A
H,W,2001-02-07,0.6164117145597695,-0.7776454139383902,ts_A
I,P,2001-02-08,-1.3100376104573173,-1.3523723071009386,ts_A
F,A,2001-02-09,0.4649306408329139,0.010158790849540434,ts_A
G,D,2001-02-10,0.6298030859993337,0.017088400129564252,ts_A
D,M,2001-02-11,0.9774116496513394,0.7248696600087813,ts_A
E,E,2001-02-12,0.04776536963331547,0.3664162863477693,ts_A
Z,C,2001-02-13,-1.6060300668127008,0.34928345111470044,ts_A
E,A,2001-02-14,-0.03109949406757304,0.9506285251841877,ts_A
V,N,2001-02-15,-1.379032757275944,-0.3301100080710194,ts_A
Q,Z,2001-02-16,1.6391904192405726,1.0718411980607954,ts_A
C,Z,2001-02-17,-2.206384197634427,-0.6345852710542554,ts_A
O,O,2001-02-18,-0.846104198120994,0.2746262550648761,ts_A
S,P,2001-02-19,0.8681658669261866,-0.03051333532467818,ts_A
Q,S,2001-02-20,-2.4783279202982995,0.39845782239585426,ts_A
X,F,2001-02-21,-1.2190939091921094,-0.07761854785009277,ts_A
G,C,2001-02-22,0.4345905350761991,0.28650352454416234,ts_A
D,V,2001-02-23,-0.6009065132619459,1.142722907411131,ts_A
N,D,2001-02-24,0.35747576181153334,-0.5183344953529386,ts_A
U,S,2001-02-25,-0.36349810202317734,0.4655503457370024,ts_A
P,E,2001-02-26,-0.1374080864285581,-0.3180026736272945,ts_A
O,R,2001-02-27,-1.767000387981253,0.24793005504019108,ts_A
D,X,2001-02-28,-0.5932461438371074,-0.3514449011004058,ts_A
E,Q,2001-03-01,-1.2013361239549416,0.0659738386725098,ts_A
T,E,2001-03-02,-0.9817312118448519,-0.29980201847745647,ts_A
F,G,2001-03-03,1.8963313616658375,-0.5065088319641206,ts_A
B,Y,2001-03-04,-1.5972797980051034,0.4057879807599067,ts_A
U,D,2001-03-05,0.19481372776480954,0.9562526629983948,ts_A
B,W,2001-03-06,1.0619271170925078,-0.50160147270292,ts_A
Q,S,2001-03-07,-0.42591009890408205,-0.1401060074014098,ts_A
T,T,2001-03-08,1.2692964012560828,0.1709853884534148,ts_A
X,I,2001-03-09,-0.5754542867533553,2.4816890937487535,ts_A
S,F,2001-03-10,0.44108263789722146,0.640982769806048,ts_A
D,C,2001-03-11,-0.8980168706225033,-0.4926216285154214,ts_A
Z,Q,2001-03-12,1.8096940722465207,-1.1048645105108168,ts_A
O,U,2001-03-13,0.11257105170838293,0.3557707672451063,ts_A
U,N,2001-03-14,1.6021444822602668,-0.23876521642912413,ts_A
Z,E,2001-03-15,2.213905267205522,-0.06307112978656865,ts_A
Z,C,2001-03-16,-0.33748537666202905,-0.3627388986641502,ts_A
S,C,2001-03-17,-0.2976939393444223,0.45235465612285974,ts_A
L,F,2001-03-18,0.6117302685851761,0.8696317934765825,ts_A
L,X,2001-03-19,-1.1764255026389054,0.5275363452183809,ts_A
J,N,2001-03-20,-1.0367198089520189,-0.10332709449003427,ts_A
B,U,2001-03-21,0.32896630531419613,-0.6707168532157421,ts_A
X,I,2001-03-22,-0.35472731127516505,-0.1846179674963978,ts_A
R,I,2001-03-23,-2.4323739188014035,0.25413979124621144,ts_A
K,A,2001-03-24,1.4523249903863387,-0.6527942806769242,ts_A
D,B,2001-03-25,0.06934638412925859,1.2248618251691925,ts_A
I,I,2001-03-26,-0.8213729545023063,-0.7237022987848886,ts_A
C,P,2001-03-27,0.4565887593985346,0.47203030576822597,ts_A
R,U,2001-03-28,0.4857501745301988,0.45459900045978835,ts_A
H,M,2001-03-29,0.20077214140865587,1.3645967364041447,ts_A
F,I,2001-03-30,1.8143706444279037,0.02325059196665474,ts_A
Q,V,2001-03-31,0.8049350280888193,-0.8348458135065652,ts_A
E,P,2001-04-01,1.3889118556829216,-0.018346954333606398,ts_A
B,O,2001-04-02,-0.5181991594561203,0.9914570774706795,ts_A
D,E,2001-04-03,-0.725625653595995,1.4988467350999604,ts_A
J,E,2001-04-04,-1.7234810626318384,-0.19673769361002957,ts_A
N,L,2001-04-05,1.102828428385605,0.10966360583949336,ts_A
D,A,2001-04-06,-1.1066372757236975,-1.9445603209042395,ts_A
I,Z,2001-04-07,-0.030614499083248117,0.30439957123029227,ts_A
G,C,2001-04-08,0.35791540050510534,0.29355159822824806,ts_A
N,X,2001-04-09,-0.35348188589907803,0.5198934023435962,ts_A
N,I,2001-04-10,-1.1186960916669135,0.24823307073803855,ts_A
K,Y,2001-04-11,-0.20154616824984736,0.05586438467070743,ts_A
X,Y,2001-04-12,-0.03642721179455057,0.8607655465546492,ts_A
R,W,2001-04-13,-0.7525831800898279,-1.008765171740877,ts_A
X,P,2001-04-14,1.1439626001750123,-0.5809531828301228,ts_A
I,V,2001-04-15,-1.9467979755553924,2.115438225245592,ts_A
P,N,2001-04-16,-0.1518573936341379,0.34322577227372336,ts_A
N,X,2001-04-17,0.9781082373166156,0.8297066549286747,ts_A
A,O,2001-04-18,-0.25036809320087433,-0.09347203875358216,ts_A
D,M,2001-04-19,0.026760119041202166,-0.014074468350977691,ts_A
F,O,2001-04-20,0.11336172262960253,-0.5784371390942045,ts_A
H,Q,2001-04-21,-0.05697830070440343,1.3949159425342608,ts_A
F,P,2001-04-22,0.42290803086990314,-0.6465684384709253,ts_A
M,M,2001-04-23,0.031144873542314405,-1.8880718852871543,ts_A
Z,W,2001-04-24,-1.4169096325517532,1.852548272733268,ts_A
R,M,2001-04-25,-1.3223471787213124,-0.013724169194729692,ts_A
C,X,2001-04-26,0.03331997116894696,-0.13989419689393648,ts_A
P,H,2001-04-27,1.747566497289737,0.728745286003916,ts_A
H,X,2001-04-28,-0.38008314780355706,-0.4575483291360569,ts_A
Y,S,2001-04-29,0.16984507502304383,-0.24970798316954226,ts_A
P,E,2001-04-30,-0.9534627175704325,0.03196759001689294,ts_A
R,S,2001-05-01,0.8001778702653655,0.7820457955588734,ts_A
G,M,2001-05-02,0.6002508916933246,-1.1206666874970141,ts_A
F,T,2001-05-03,0.9248026575338902,-1.5395475387445896,ts_A
Z,B,2001-05-04,-0.26982116368170334,0.23593112609259928,ts_A
Z,S,2001-05-05,-1.055256627919521,-0.4141776885514047,ts_A
N,Q,2001-05-06,-0.018758077444697582,0.007685320759344142,ts_A
Q,D,2001-05-07,0.9223870685512954,-0.044264674290260105,ts_A
U,Y,2001-05-08,-0.2086329922289075,1.8418804227837193,ts_A
S,R,2001-05-09,1.0996462950713788,-1.051146307510286,ts_A
E,J,2001-05-10,-0.6566924676232808,-0.5339142316392801,ts_A
M,O,2001-05-11,1.8611103537794305,-0.5899399352370939,ts_A
L,F,2001-05-12,1.2249139455843865,-0.773688795395182,ts_A
B,G,2001-05-13,-0.06459095772450438,-1.1725911913962594,ts_A
X,H,2001-05-14,-0.009725754872106434,-0.15182544307468723,ts_A
F,W,2001-05-15,1.0082547260043606,-0.12230461947424953,ts_A
U,B,2001-05-16,-1.4907564488660363,0.5281805526772286,ts_A
B,R,2001-05-17,0.19374041733266933,-0.6541857233025481,ts_A
Y,M,2001-05-18,-0.24354145551174886,-0.6071637694941128,ts_A
S,B,2001-05-19,-0.4448119357260914,-0.04346504865341652,ts_A
B,F,2001-05-20,-1.5691933036944061,-1.495176755337815,ts_A
P,Y,2001-05-21,-1.3270209998229345,0.9802760773201729,ts_A
T,G,2001-05-22,-1.0260026874450325,1.1346489472344203,ts_A
D,Y,2001-05-23,1.2729772663947165,-0.7513107030587057,ts_A
A,D,2001-05-24,0.22228269540000598,0.8938849383546849,ts_A
B,G,2001-05-25,1.4218004247276579,0.11455724499083658,ts_A
G,C,2001-05-26,0.304619293650357,0.43230540221936353,ts_A
M,Z,2001-05-27,1.2482746658932948,0.4911364713098682,ts_A
X,L,2001-05-28,0.7830462679800669,0.8641186142101189,ts_A
A,J,2001-05-29,0.31872907871701717,-0.028472089988353343,ts_A
W,U,2001-05-30,-0.9412747675892674,1.7819662398289733,ts_A
Z,S,2001-05-31,-0.578189014407132,-1.023798634231428,ts_A
Y,O,2001-06-01,-0.2477488012411713,-0.8048466206865995,ts_A
H,F,2001-06-02,1.230890280866883,-0.05702914335048961,ts_A
D,P,2001-06-03,1.4465188467286483,0.14827986354771314,ts_A
P,E,2001-06-04,-0.33733445690786956,0.33172157536228064,ts_A
W,V,2001-06-05,-0.5979341270512152,-1.7632592071660624,ts_A
U,N,2001-06-06,0.4692632020752759,-0.4332577460323151,ts_A
F,K,2001-06-07,-0.05338343908095488,1.0081124648844844,ts_A
I,M,2001-06-08,-0.42611258996885804,1.8331876834523915,ts_A
M,P,2001-06-09,-1.218059163075776,-1.4985351261500508,ts_A
W,X,2001-06-10,0.34004098224203433,-0.36234446474221865,ts_A
E,Z,2001-06-11,-1.00366406854974,-0.47850081965091784,ts_A
W,V,2001-06-12,-0.23013369511700374,-0.25021983182122287,ts_A
G,L,2001-06-13,-1.965206526641236,0.41610310559794766,ts_A
N,B,2001-06-14,0.6494210957920902,1.9248676951280912,ts_A
W,S,2001-06-15,1.69780895120783,-0.3330259961217505,ts_A
G,X,2001-06-16,0.7214387128335202,-2.964917118809505,ts_A
V,N,2001-06-17,0.03187546946842194,0.977395742162166,ts_A
N,H,2001-06-18,-0.7671744337401064,-1.4312908888428624,ts_A
O,Y,2001-06-19,1.3536744111787915,-0.7046882485397101,ts_A
M,K,2001-06-20,2.159520548583555,-0.16634118373404705,ts_A
H,Q,2001-06-21,1.1629477660804306,1.03612897686938,ts_A
Q,N,2001-06-22,1.4430408785423765,1.3892971799159977,ts_A
B,W,2001-06-23,1.0274450831741035,-1.0325539532030246,ts_A
W,R,2001-06-24,-0.16962223324121203,-0.11290774728598386,ts_A
A,E,2001-06-25,0.3969960404595046,-0.28848747520642937,ts_A
J,F,2001-06-26,-0.78342182273318,-0.48581977273000587,ts_A
Z,Y,2001-06-27,-0.4463219050939583,-0.6279943448568742,ts_A
W,W,2001-06-28,0.879954373124604,0.7145190854232772,ts_A
S,V,2001-06-29,0.614009809925434,2.8595975387910526,ts_A
S,K,2001-06-30,0.09084328591961173,-0.06114984048972009,ts_A
A,J,2001-07-01,0.3096478043897028,0.35462773568587674,ts_A
V,L,2001-07-02,-0.4634799396295489,-0.7565289700186366,ts_A
G,G,2001-07-03,-0.6014063827557694,-0.4775752272577547,ts_A
S,E,2001-07-04,0.012998863518662026,-0.21861717218504553,ts_A
D,L,2001-07-05,1.5159169628088136,-1.0797018994601495,ts_A
F,Z,2001-07-06,-1.551787375610242,-1.051644788082601,ts_A
P,P,2001-07-07,-0.44143257753091586,-1.1921663507134659,ts_A
E,Z,2001-07-08,0.2951923340796436,0.5894132078221818,ts_A
Y,M,2001-07-09,0.8064187197355634,2.568497637573944,ts_A
K,A,2001-07-10,0.23586213099146267,-0.3370753300891593,ts_A
L,K,2001-07-11,0.020469403241409414,-0.5132535935662874,ts_A
M,I,2001-07-12,0.697784835466042,-0.42509823931698953,ts_A
W,O,2001-07-13,-0.6138685275700446,1.352547044578451,ts_A
R,R,2001-07-14,-0.6172243608785163,-0.29769591396170914,ts_A
W,L,2001-07-15,0.3735882450407451,-0.1443033637016899,ts_A
Y,K,2001-07-16,-0.5149903307891498,3.3108567869355507,ts_A
U,H,2001-07-17,-2.5911530076340905,-0.0720372875031947,ts_A
E,T,2001-07-18,-2.396935483838834,1.0348508219893064,ts_A
W,U,2001-07-19,0.05560467505977515,0.733782313095293,ts_A
S,I,2001-07-20,0.9523860931153882,-1.5048241872550419,ts_A
R,B,2001-07-21,0.45091081219532,-0.4675135128156606,ts_A
R,Z,2001-07-22,0.9293552573258446,0.6863297608439463,ts_A
O,W,2001-07-23,-1.4366940282321707,2.9646274866361297,ts_A
T,V,2001-07-24,-0.45723769409082093,0.4535007099179378,ts_A
D,S,2001-07-25,1.6344963090573308,0.8287519290887115,ts_A
W,W,2001-07-26,0.0855952058521025,-0.5504728407877287,ts_A
F,J,2001-07-27,1.6565462340275436,-0.058638011796506656,ts_A
M,I,2001-07-28,-0.8204784080115551,-1.2115370314224108,ts_A
I,F,2001-07-29,-0.38276175996120865,-1.7427119545932914,ts_A
O,P,2001-07-30,0.02016512765937411,0.15321111944712507,ts_A
D,M,2001-07-31,-1.623561105100899,-2.3490454859758656,ts_A
G,Y,2001-08-01,-0.9386592884272852,-1.427653698034118,ts_A
E,P,2001-08-02,0.3167951015261507,1.6062106267214051,ts_A
M,I,2001-08-03,-2.303095242526316,0.05669623868888384,ts_A
J,K,2001-08-04,0.6503692886186688,-0.1457118156841644,ts_A
P,J,2001-08-05,0.6578545354937749,0.6063225291404645,ts_A
B,W,2001-08-06,-0.1693046380177708,-0.5031146026634185,ts_A
J,C,2001-08-07,1.611849326687221,-0.40116170443250104,ts_A
T,H,2001-08-08,0.31597748100416423,0.2019364467473595,ts_A
Z,Z,2001-08-09,-0.1456764378824314,0.41007288756433563,ts_A
C,A,2001-08-10,-0.15187769808767201,1.5177978954118545,ts_A
N,H,2001-08-11,0.13973394367702252,-0.09443140052397422,ts_A
F,H,2001-08-12,1.8532255838239884,0.17211504771756608,ts_A
H,D,2001-08-13,-0.7718914375500933,0.4881033172257803,ts_A
F,S,2001-08-14,1.268541783780168,1.0933046535767692,ts_A
G,J,2001-08-15,0.11490428406218442,0.6134190465131005,ts_A
O,F,2001-08-16,-1.2847593322938233,0.3907432879214529,ts_A
T,P,2001-08-17,1.6588972140707765,-2.109622684486766,ts_A
N,A,2001-08-18,0.375193715535277,-2.3994140391364285,ts_A
B,O,2001-08-19,0.42101142271838965,-0.59968107488104,ts_A
Y,F,2001-08-20,-0.5175227246037173,0.21686251902711826,ts_A
B,T,2001-08-21,1.0200758718044118,-0.8952837676494193,ts_A
L,T,2001-08-22,-0.7649984782064014,0.2943568057265115,ts_A
D,M,2001-08-23,1.221984618928374,-0.05360242029096263,ts_A
Y,R,2001-08-24,0.34031375035237427,-0.6656740538387742,ts_A
Y,W,2001-08-25,-1.27345037736335,-1.745321959772227,ts_A
Y,Y,2001-08-26,-0.09144883043183262,0.21765734943103984,ts_A
R,Q,2001-08-27,0.20375334386702426,0.22828653678398395,ts_A
W,O,2001-08-28,0.15967967016759763,0.22677528575398898,ts_A
P,P,2001-08-29,-1.2736960518951783,-0.5850442084946954,ts_A
Y,O,2001-08-30,0.7447240180868892,-0.5964256210097729,ts_A
P,D,2001-08-31,-0.24263712386517497,-0.7138920289586408,ts_A
A,M,2001-09-01,-1.0788613065440344,1.2404478780681498,ts_A
B,E,2001-09-02,-0.9219979147233248,0.268569172335382,ts_A
N,R,2001-09-03,0.5274913029776581,-0.46585716345072503,ts_A
O,D,2001-09-04,0.6887056245214905,0.21790515492878101,ts_A
U,Y,2001-09-05,-0.5336393569402599,-0.5069005274045542,ts_A
F,Q,2001-09-06,0.22678075261045313,-0.5248089768420606,ts_A
V,N,2001-09-07,-0.8798427796311475,0.06765436264672241,ts_A
Q,W,2001-09-08,-0.6661756072695049,0.7777485463035952,ts_A
K,W,2001-09-09,1.1658266214171582,0.5887736953094523,ts_A
A,D,2001-09-10,0.4543893451776135,-1.000749170512733,ts_A
P,T,2001-09-11,-0.7457916526438985,-1.2634155854458367,ts_A
P,O,2001-09-12,-1.502582558482915,-1.6051985893009526,ts_A
Z,Z,2001-09-13,1.1364675881342003,-0.5355906253939801,ts_A
W,U,2001-09-14,-0.5846076604504313,-0.3539003494930133,ts_A
J,A,2001-09-15,-2.917804556937569,1.9280378322315572,ts_A
A,W,2001-09-16,0.8853071451929817,0.8983225980570071,ts_A
P,C,2001-09-17,-2.091877816821169,-1.4172655777563328,ts_A
B,E,2001-09-18,1.017602953952771,-1.462906353422614,ts_A
E,S,2001-09-19,0.5533932995837065,0.6154606962287708,ts_A
R,I,2001-09-20,0.572698862046817,1.06195834384045,ts_A
Q,W,2001-09-21,-0.9559922099798867,1.1321212781700891,ts_A
H,K,2001-09-22,0.45786397574854837,-0.12989077673291277,ts_A
S,S,2001-09-23,-1.420953684465785,-0.334579755591927,ts_A
L,Z,2001-09-24,0.35501769176713466,0.29960051463118376,ts_A
L,E,2001-09-25,-0.06243163422452003,0.9182509478384513,ts_A
P,F,2001-09-26,0.19589658088362596,1.5543863461207652,ts_A
V,D,2001-09-27,-0.35805706527047987,0.32170946178482174,ts_A
Y,H,2001-09-28,2.1907667137244373,-0.062251270249772214,ts_A
U,Z,2001-09-29,-0.36128903880865576,1.1585937685560432,ts_A
O,F,2001-09-30,-0.5575736366986792,-1.9366047826359205,ts_A
G,A,2001-10-01,-0.5145045285426579,-0.8231973518418086,ts_A
H,F,2001-10-02,0.15018047038414636,-0.2563807829678818,ts_A
Z,O,2001-10-03,-1.0931728694326746,0.8783018609801163,ts_A
R,C,2001-10-04,1.2707146396715159,0.07426548901675144,ts_A
G,O,2001-10-05,0.913259740106875,0.2919997459324685,ts_A
J,A,2001-10-06,-0.583188220851907,-0.795455056616809,ts_A
U,I,2001-10-07,-0.7327449591124755,-0.5550266072908043,ts_A
Q,K,2001-10-08,0.8182980539871182,-1.486175737501764,ts_A
O,G,2001-10-09,0.6859438108564111,0.28427783281778835,ts_A
G,M,2001-10-10,0.36846610659819984,-2.481897423209786,ts_A
O,L,2001-10-11,0.19042634937243844,0.946520653217467,ts_A
U,E,2001-10-12,-1.4032138424663574,-0.3127718818338574,ts_A
M,A,2001-10-13,-0.5636192501347008,-0.6604083225184374,ts_A
M,P,2001-10-14,-0.918323586403287,1.0617688922562547,ts_A
R,U,2001-10-15,-0.7306697270801816,-1.7214367223196463,ts_A
C,G,2001-10-16,0.7440736760122294,0.9737781086659912,ts_A
R,R,2001-10-17,-0.12982264874426577,0.9723259105325534,ts_A
Y,J,2001-10-18,0.7272503661431564,-0.258772093138641,ts_A
X,S,2001-10-19,-0.5353504089794198,0.05517698743574034,ts_A
G,X,2001-10-20,0.028258133320887956,0.8231862829745947,ts_A
U,P,2001-10-21,0.8032016222426064,-0.6579312313756883,ts_A
F,R,2001-10-22,0.9388143656842424,1.369875145972998,ts_A
O,M,2001-10-23,-0.06648827249537875,-0.2512637978659439,ts_A
V,V,2001-10-24,-0.3732908462499247,0.24756316036129203,ts_A
T,W,2001-10-25,-0.4485048955615843,-1.355837930372919,ts_A
K,J,2001-10-26,0.41274491735789154,-0.05073660641919414,ts_A
I,O,2001-10-27,-1.072432240483635,-1.4504861664157258,ts_A
G,O,2001-10-28,-1.0027678946035614,0.6266733927886722,ts_A
I,D,2001-10-29,-0.15951525172708422,-0.4913019887422405,ts_A
N,O,2001-10-30,0.4487427083449765,-1.2016932655003179,ts_A
P,Q,2001-10-31,0.8851760017703513,-1.4667840715976235,ts_A
K,I,2001-11-01,1.0872055184922866,-2.0513847793047453,ts_A
T,C,2001-11-02,-1.848597021712616,-0.8582802339916901,ts_A
J,D,2001-11-03,-0.23657741267259225,-0.19791657032614932,ts_A
L,M,2001-11-04,0.08783550014420101,0.7629083621691972,ts_A
E,Y,2001-11-05,0.6182026348545683,0.35217580124314035,ts_A
Q,N,2001-11-06,-0.6989048178177145,-0.40793635342540946,ts_A
Z,T,2001-11-07,-1.0632274520432843,0.6711973975753959,ts_A
A,O,2001-11-08,1.301293246747024,0.31791235285806946,ts_A
H,D,2001-11-09,-0.5013628877418468,-1.0476853145359217,ts_A
P,H,2001-11-10,0.003035296782750761,0.26847611898813256,ts_A
X,P,2001-11-11,0.09805359391514833,0.21640229133479041,ts_A
S,K,2001-11-12,0.23035847619410338,-0.6168939909824501,ts_A
Q,A,2001-11-13,-0.3025554636112957,0.7686456124497968,ts_A
W,Z,2001-11-14,0.5644445872765846,0.35920920307567406,ts_A
S,Q,2001-11-15,-0.1340042434359812,-1.0823013050038222,ts_A
Q,V,2001-11-16,0.5740284970850609,-0.9684058947906654,ts_A
G,G,2001-11-17,-0.4534699803764395,0.04145632359307192,ts_A
L,M,2001-11-18,0.4590239674768367,0.29020149976512777,ts_A
X,N,2001-11-19,0.4562982583064768,0.12311278596199811,ts_A
M,R,2001-11-20,0.20287025700371125,-0.9064386126446056,ts_A
Q,E,2001-11-21,1.0726528374858038,0.9721157392556701,ts_A
O,O,2001-11-22,1.4112323345373687,-1.013523540529167,ts_A
D,R,2001-11-23,1.9515180387495714,-0.4711550496234626,ts_A
X,F,2001-11-24,-0.21664400511355375,0.03714624306564923,ts_A
F,Q,2001-11-25,-1.723113963023106,1.3975485365208198,ts_A
L,U,2001-11-26,0.21486676063984142,2.0396149832902464,ts_A
V,X,2001-11-27,1.7078891503300493,0.925495536592883,ts_A
X,N,2001-11-28,-0.6909793833811125,0.134337623198554,ts_A
D,R,2001-11-29,0.1028638524233439,1.0058312210865952,ts_A
V,E,2001-11-30,1.7009850348293518,-0.7636628985727906,ts_A
F,F,2001-12-01,-0.5480548255326878,0.008643097264100985,ts_A
P,B,2001-12-02,-0.326674326573069,-0.32270863728430077,ts_A
Z,L,2001-12-03,0.10480826587578691,-0.5767791529740275,ts_A
D,R,2001-12-04,0.9329952325226937,-1.3393570811508095,ts_A
R,D,2001-12-05,0.6316487141019165,-2.0101951177140287,ts_A
T,J,2001-12-06,-1.3171548984256125,-0.22356706205214186,ts_A
M,N,2001-12-07,-0.7969558167523032,0.6512882205705804,ts_A
W,K,2001-12-08,0.9333607470518599,-1.2349329159160412,ts_A
N,X,2001-12-09,0.44302994968318565,1.1596365651534215,ts_A
A,R,2001-12-10,-0.6370327959524794,-1.2167799617342274,ts_A
K,B,2001-12-11,0.9054751344169959,-0.926489844143732,ts_A
Y,A,2001-12-12,0.4741695759070663,0.46023314045365576,ts_A
S,G,2001-12-13,-1.2077577677539826,-0.44115460477957946,ts_A
N,G,2001-12-14,-2.2397114586987636,1.4536675924558293,ts_A
G,O,2001-12-15,-0.2985885055334294,0.39730869337012104,ts_A
T,Y,2001-12-16,-0.7356488538671662,0.3579469345753569,ts_A
L,L,2001-12-17,-0.6881768800234718,-1.2530908768307303,ts_A
R,W,2001-12-18,0.4913130082082643,-0.20143714118589512,ts_A
X,W,2001-12-19,-0.24594935068644355,0.733439171522546,ts_A
H,C,2001-12-20,0.8113977428878958,-0.3284812011789592,ts_A
A,D,2001-12-21,1.4708949134629337,0.2808406819477831,ts_A
B,A,2001-12-22,0.17866485180632666,1.8492047856911913,ts_A
U,S,2001-12-23,-0.04282445335707757,1.0661679225084808,ts_A
Y,B,2001-12-24,0.23721581099411185,0.8838338996662071,ts_A
J,O,2001-12-25,2.5868671258118425,-1.2512403700155281,ts_A
V,E,2001-12-26,-0.49464308071977486,0.1272906640742432,ts_A
Y,W,2001-12-27,0.8390346995081218,-0.1470956801219407,ts_A
J,O,2001-12-28,-0.2139927745852123,0.4692988169224964,ts_A
H,O,2001-12-29,0.47423186068949386,-0.2306598765445297,ts_A
P,L,2001-12-30,0.41139399899211065,1.1636791800598916,ts_A
E,W,2001-12-31,0.6400630220293945,-0.11135039448095774,ts_A
L,O,2002-01-01,1.04124132474265,-0.7733574278342285,ts_A
E,B,2002-01-02,0.7266019723847568,0.9031303460132394,ts_A
L,A,2002-01-03,-0.8241872001624535,1.2786524966968578,ts_A
E,F,2002-01-04,1.0725453652283967,-0.410343665805524,ts_A
L,E,2002-01-05,-0.30058607721222985,-1.0969446307972657,ts_A
W,Q,2002-01-06,1.6177126134504871,0.08094508466655406,ts_A
N,Z,2002-01-07,-1.2460170636871473,0.3391655675679676,ts_A
J,N,2002-01-08,-0.16435455446650518,-1.9327591379793057,ts_A
F,M,2002-01-09,1.2576544762680186,-0.10244393858528973,ts_A
G,E,2002-01-10,-0.11929146867392235,0.7758457468208069,ts_A
X,B,2002-01-11,0.06377121110545302,0.8473220967254095,ts_A
S,N,2002-01-12,1.5773314037647386,0.04524512541438059,ts_A
G,J,2002-01-13,0.9346873635882544,1.4684309834864144,ts_A
B,Y,2002-01-14,1.362587374664395,-0.44200910843081653,ts_A
G,Y,2002-01-15,-0.9922914893854008,2.037447879222765,ts_A
S,I,2002-01-16,-0.5698980055576859,-0.5834978976778011,ts_A
V,X,2002-01-17,-2.3089607217978103,-2.3973508934028067,ts_A
Y,Z,2002-01-18,0.640087513348979,0.4311999753135273,ts_A
B,I,2002-01-19,-0.31864887459448293,1.0849281433719573,ts_A
U,U,2000-01-01,0.9192885065157574,-0.18677505920537232,ts_B
I,S,2000-01-02,-3.3702297551735296,-1.0548238072953524,ts_B
K,Z,2000-01-03,-0.9738258090747579,-0.6780102323716487,ts_B
Y,G,2000-01-04,0.8364669628415903,1.2924661359988023,ts_B
S,G,2000-01-05,0.4249314755039151,0.11608682010049809,ts_B
K,G,2000-01-06,-2.2231345228029724,1.042566051099848,ts_B
M,U,2000-01-07,0.13471995065932468,0.12751827057898366,ts_B
R,G,2000-01-08,0.47326425792938587,-1.0773800324355993,ts_B
H,D,2000-01-09,0.9363144504295066,-0.5039540586614885,ts_B
B,G,2000-01-10,0.14016965580942395,-1.8633085924197512,ts_B
I,K,2000-01-11,0.02647604308742511,-1.5116848242591059,ts_B
D,Q,2000-01-12,0.5379054081661236,0.5327724311548356,ts_B
B,X,2000-01-13,-0.5524903450625682,0.6149129166463925,ts_B
S,X,2000-01-14,0.8223816868449486,-0.507405418044798,ts_B
C,E,2000-01-15,-0.7646105299735484,-0.8636022604300302,ts_B
B,H,2000-01-16,0.23735362206003727,1.0289191710746277,ts_B
H,Z,2000-01-17,-0.6330863984947159,-0.18494441830948238,ts_B
W,A,2000-01-18,0.5168151694242153,-0.07460270637438562,ts_B
B,N,2000-01-19,1.3176430270110693,0.7536649335469144,ts_B
C,M,2000-01-20,-1.2667060351924564,-0.5909174790780972,ts_B
Q,H,2000-01-21,0.731429452264706,-1.2345733328658912,ts_B
T,B,2000-01-22,0.7591774957471807,-0.40695494123315734,ts_B
S,P,2000-01-23,-1.3326599649385202,-0.2860810156768472,ts_B
H,P,2000-01-24,0.8194183292008156,0.10973129442220882,ts_B
F,J,2000-01-25,-1.729692816448887,-1.1832739054719446,ts_B
I,A,2000-01-26,-0.627620915649656,-0.9376407310206548,ts_B
T,V,2000-01-27,-0.3211424629587275,0.29374162812833365,ts_B
I,I,2000-01-28,-0.39824019835539615,-0.05679521429132033,ts_B
Y,T,2000-01-29,0.31219209045741214,-0.6087369527286544,ts_B
V,N,2000-01-30,-0.1502009648711168,0.9611653538196162,ts_B
S,I,2000-01-31,-2.1247174998336598,-0.2796588003115305,ts_B
Y,U,2000-02-01,-0.9288619223088325,-0.8319802292329602,ts_B
C,A,2000-02-02,-0.8816067268678841,-1.113114890824384,ts_B
K,W,2000-02-03,-0.32622194209994737,-1.3427543760190774,ts_B
T,Q,2000-02-04,0.501003269034717,0.3823365354955795,ts_B
E,U,2000-02-05,-0.9117392686390045,-0.8013576673978248,ts_B
B,R,2000-02-06,-0.22120172796624663,-0.04185944306728613,ts_B
D,V,2000-02-07,-0.027350502976106316,-1.288307575564449,ts_B
N,A,2000-02-08,-1.320184781672055,2.133731677552024,ts_B
L,V,2000-02-09,1.223990063306183,-1.9588692838502513,ts_B
X,K,2000-02-10,0.06565803022554313,0.11945443195483721,ts_B
F,H,2000-02-11,1.5892140841616904,-1.0911741314783705,ts_B
L,B,2000-02-12,0.1250677613355911,1.4156701812527943,ts_B
D,W,2000-02-13,-0.7920570528158198,-1.2062805968773531,ts_B
L,V,2000-02-14,-1.1478319785805908,0.6291843866577286,ts_B
X,T,2000-02-15,0.5005869943162605,0.3872659778972186,ts_B
O,K,2000-02-16,-0.7660672114459628,0.27041420688190065,ts_B
L,X,2000-02-17,-0.5277959743005858,0.1587255371601335,ts_B
E,I,2000-02-18,-0.14652892838643833,0.8243734586951557,ts_B
Z,H,2000-02-19,-0.7633786286819978,-1.0817137658541274,ts_B
E,I,2000-02-20,0.3821328298461361,-0.8355339794611294,ts_B
D,C,2000-02-21,-1.6596759550963853,-0.7133230662834643,ts_B
O,G,2000-02-22,1.08967958766095,-1.0357636570772522,ts_B
P,C,2000-02-23,-0.8954920502856337,-0.4257390360192778,ts_B
T,V,2000-02-24,0.3109557526561565,-0.37151016298886,ts_B
A,O,2000-02-25,-0.40962112648823235,2.003275413027417,ts_B
B,R,2000-02-26,-0.9318750649710182,-1.3908134831328103,ts_B
H,J,2000-02-27,-0.477061220884487,0.46686575639631145,ts_B
V,O,2000-02-28,1.1997315421072015,-0.7370008652043554,ts_B
E,W,2000-02-29,-0.22968973808715085,-0.08400954271242969,ts_B
M,G,2000-03-01,0.7097249053097224,0.7155655249663653,ts_B
G,U,2000-03-02,0.6454742056899149,-0.5198480757498334,ts_B
W,A,2000-03-03,0.034678141071853484,0.0874618916277375,ts_B
A,U,2000-03-04,-2.2395853831016144,-0.7195811314076004,ts_B
J,Z,2000-03-05,-1.707523570517778,-0.4969590553331899,ts_B
K,W,2000-03-06,-0.37848956142857354,-0.4587305535902951,ts_B
J,F,2000-03-07,0.7970051024563113,0.5936973860692834,ts_B
N,Y,2000-03-08,0.7523974612057114,1.9255889744788226,ts_B
R,D,2000-03-09,0.00253578885215508,0.9409010208806811,ts_B
I,S,2000-03-10,-1.2708036104452527,-1.0105987979158513,ts_B
A,N,2000-03-11,-0.368854727021314,0.21026459631532127,ts_B
W,J,2000-03-12,0.6104138472609417,-0.1614291880302638,ts_B
O,E,2000-03-13,0.7744401608180403,-0.6969801105145366,ts_B
L,E,2000-03-14,-0.31277247065406016,-1.6354688804721702,ts_B
L,K,2000-03-15,0.5922201115418347,0.8987292861487257,ts_B
P,G,2000-03-16,1.7942248976876467,-0.9010791087513813,ts_B
Q,V,2000-03-17,0.02046812935242149,0.6042178370517901,ts_B
N,P,2000-03-18,1.3670313858219754,0.21311998830747345,ts_B
G,M,2000-03-19,0.7032970894240963,-0.6973493239687952,ts_B
A,D,2000-03-20,-0.2892454298854747,0.12529168644252708,ts_B
Q,L,2000-03-21,-0.4535068930227317,-1.3267321321026748,ts_B
V,A,2000-03-22,0.4226010476022976,0.7553175319198792,ts_B
P,O,2000-03-23,0.14493586583109216,-0.7415254642956677,ts_B
Q,O,2000-03-24,0.055241199952492104,0.2679073904924163,ts_B
O,B,2000-03-25,-0.1973403492183482,-0.2897651677061732,ts_B
O,J,2000-03-26,1.939922723256681,-2.4864809525816565,ts_B
M,W,2000-03-27,2.0937986395579484,-0.5289705113608149,ts_B
B,Y,2000-03-28,0.48878174358908116,-1.4499205082456619,ts_B
L,U,2000-03-29,1.1769308781549481,0.0054203272610261035,ts_B
N,X,2000-03-30,0.922011730689739,0.4406446499490385,ts_B
P,X,2000-03-31,-0.49903357833757334,1.425264185133655,ts_B
O,U,2000-04-01,-0.6571470555741552,-0.016201775664283706,ts_B
L,W,2000-04-02,1.0604836108209592,-1.076271975157672,ts_B
Y,V,2000-04-03,0.060369502237591445,-0.578223576237502,ts_B
K,X,2000-04-04,0.7808764430476598,1.0865138635341003,ts_B
I,C,2000-04-05,-1.351013831496387,-1.508614502411995,ts_B
W,P,2000-04-06,-0.7137077948278362,-0.9009630953095089,ts_B
G,B,2000-04-07,0.774408856063926,-0.9315785738327279,ts_B
T,Z,2000-04-08,0.7285919527626841,0.3220376015770818,ts_B
C,O,2000-04-09,-1.0042967679656525,-0.3268649149691173,ts_B
G,K,2000-04-10,1.130209204593328,-0.1601372761484155,ts_B
Y,U,2000-04-11,0.04204178233053767,0.43035347762791437,ts_B
O,P,2000-04-12,-0.874068250727696,-0.3016320267905594,ts_B
M,D,2000-04-13,-1.2778851250896321,0.029202417557305998,ts_B
R,L,2000-04-14,1.7311514804972779,-1.6962435995789478,ts_B
O,Q,2000-04-15,-0.22431796772006607,-1.3190318081497063,ts_B
Z,I,2000-04-16,-0.05056269977896187,1.1383326860559988,ts_B
M,W,2000-04-17,0.4923870943492499,-0.0998190822323558,ts_B
P,Z,2000-04-18,0.578486519857228,-0.42475482680017623,ts_B
G,B,2000-04-19,0.017582528987095114,-1.5610563101065966,ts_B
T,O,2000-04-20,0.9677023702361893,1.032911055857219,ts_B
E,V,2000-04-21,1.3037187041014373,0.9366693968033051,ts_B
Q,D,2000-04-22,-1.2412592393527913,0.35565111774434877,ts_B
K,L,2000-04-23,1.7109970911547285,-0.568105084548241,ts_B
A,Q,2000-04-24,-0.824152359243987,1.92611292515008,ts_B
U,D,2000-04-25,0.4960679352845208,0.5978075957937202,ts_B
M,M,2000-04-26,-1.7514472266194063,-0.3205454817376017,ts_B
O,O,2000-04-27,-0.3162869292750337,-0.28344385374201186,ts_B
U,D,2000-04-28,0.9037818599608851,0.8105004179386364,ts_B
U,Y,2000-04-29,1.2135402950391516,2.1483546880484874,ts_B
E,G,2000-04-30,-0.9354046801530546,0.07931781825790218,ts_B
P,P,2000-05-01,-0.2560542735531002,-0.010000670988960951,ts_B
U,Z,2000-05-02,1.2883287745900247,-0.07809988544769066,ts_B
N,O,2000-05-03,-1.4944661429570474,0.7262785742823885,ts_B
Z,H,2000-05-04,0.13375961758196395,-1.6384559657265672,ts_B
H,A,2000-05-05,0.15501437880668625,-0.12542904874211624,ts_B
R,I,2000-05-06,0.5279301930664516,0.16037993500527495,ts_B
Y,U,2000-05-07,0.34034363892875164,1.8039037422588422,ts_B
O,Y,2000-05-08,-0.2267528211098459,0.44494128127139965,ts_B
V,T,2000-05-09,-0.4571928881696619,0.390502287605674,ts_B
Q,P,2000-05-10,-0.267894888633201,-1.070864208698567,ts_B
G,R,2000-05-11,0.8670436681271595,-0.7237331133788524,ts_B
A,X,2000-05-12,-1.9368222007760443,0.3755609563165261,ts_B
C,Z,2000-05-13,-0.44573196219358385,-0.45871269815473453,ts_B
V,H,2000-05-14,0.38320465660414715,1.2293039220378816,ts_B
B,L,2000-05-15,0.3507981795858114,-0.20010258651959098,ts_B
Z,V,2000-05-16,0.6870909679791205,-0.5201732347971254,ts_B
G,D,2000-05-17,-1.051846444021674,0.43972044913635855,ts_B
Q,L,2000-05-18,0.23699026859481628,1.4156273282320617,ts_B
S,P,2000-05-19,-0.0006065173168472983,-1.0539601435631483,ts_B
T,F,2000-05-20,0.4088593962508256,0.09985578003058304,ts_B
J,D,2000-05-21,-0.761915273233412,0.3181510874410586,ts_B
P,L,2000-05-22,-0.5374537587343523,-0.9023110733389444,ts_B
H,R,2000-05-23,-0.3082771412940785,-0.9224005765429406,ts_B
Y,Q,2000-05-24,-0.35201131078101633,-0.4594393319791797,ts_B
G,W,2000-05-25,-1.015223552401631,-0.7388252469788684,ts_B
B,H,2000-05-26,-1.0717361380471846,0.25579730169550063,ts_B
G,C,2000-05-27,1.118486592582485,0.661052087582949,ts_B
A,H,2000-05-28,0.13862280476444236,-0.030365675049365295,ts_B
N,N,2000-05-29,0.1724349898444383,0.8594305597566536,ts_B
D,O,2000-05-30,-0.4018681645351883,-1.2728984619306858,ts_B
D,W,2000-05-31,0.9019531706906478,1.225870528498332,ts_B
F,M,2000-06-01,0.23741704851104123,-0.7170949166644626,ts_B
F,G,2000-06-02,-0.5217876857222534,0.07596235799664171,ts_B
W,D,2000-06-03,2.597014550739297,0.4787083442728598,ts_B
E,B,2000-06-04,-0.4561372123403734,-0.6042971036807213,ts_B
W,W,2000-06-05,-0.48106617505534593,0.4222684469543768,ts_B
K,Y,2000-06-06,-0.9442519161700398,0.4196753369108344,ts_B
K,N,2000-06-07,-0.9658878276311096,-0.07481764092322282,ts_B
R,Z,2000-06-08,0.5194795348327242,-0.07807385366755097,ts_B
P,V,2000-06-09,1.4892017180465218,-0.6545513516122324,ts_B
G,Z,2000-06-10,0.18840902584719066,-1.314676397010008,ts_B
N,H,2000-06-11,-1.2951747234981013,0.22436554635805603,ts_B
J,Z,2000-06-12,0.005533558228012289,0.9073048409307637,ts_B
H,L,2000-06-13,-0.18020358103384487,0.07548101478657203,ts_B
Z,E,2000-06-14,1.5076030939959346,-0.3045894632466132,ts_B
U,R,2000-06-15,-0.16396536971977635,0.18762463646499414,ts_B
X,I,2000-06-16,-0.4907804999407032,0.5887863800741806,ts_B
T,X,2000-06-17,-1.5026313260005826,0.1658711706637076,ts_B
W,Z,2000-06-18,-0.14819950943456628,1.1507605188822378,ts_B
S,H,2000-06-19,0.4734874882890354,-0.697457396776971,ts_B
O,V,2000-06-20,-0.006180254275154229,-1.4684299464382555,ts_B
W,T,2000-06-21,-1.4219663227404888,-0.88991060013113,ts_B
Z,S,2000-06-22,-0.08045904612423226,-0.8194902338619995,ts_B
G,E,2000-06-23,-1.6585266589367162,-0.9596051215872952,ts_B
X,O,2000-06-24,1.1510188151249936,-0.3341137809946857,ts_B
P,P,2000-06-25,-0.5445590112475654,-0.11049807234306662,ts_B
J,G,2000-06-26,-0.42712223384679265,-1.3071201635800442,ts_B
F,I,2000-06-27,0.1229822748409691,0.16596874026627936,ts_B
L,C,2000-06-28,0.17485435519915318,-0.4731166768147259,ts_B
S,Q,2000-06-29,-0.37605043941772376,-0.13275653950942254,ts_B
D,C,2000-06-30,0.10411506943459377,2.168969934046418,ts_B
M,M,2000-07-01,-0.2506976880208353,1.1112231470728307,ts_B
H,A,2000-07-02,0.61935576766995,1.5824260075205647,ts_B
K,M,2000-07-03,0.08642311268344795,0.305018074018973,ts_B
A,L,2000-07-04,1.305464149429311,1.0494316279677773,ts_B
J,L,2000-07-05,-0.2324468591423084,1.0444331426564033,ts_B
G,F,2000-07-06,-0.004472432315837801,-0.040185277797092016,ts_B
Y,S,2000-07-07,0.20138004105312202,1.5913144904304226,ts_B
H,Z,2000-07-08,-0.6166364407529321,0.27207781664689806,ts_B
X,H,2000-07-09,-0.014928426456888032,-0.609787380270793,ts_B
E,A,2000-07-10,0.2048965202158423,-0.47990170424301115,ts_B
Z,V,2000-07-11,-0.35802600600265416,-0.47660603952586206,ts_B
E,S,2000-07-12,-0.38746272225165707,-0.009518018273327987,ts_B
S,P,2000-07-13,-0.31043547617891776,0.6235130533807687,ts_B
B,L,2000-07-14,0.37254856338606807,-0.10640283358947443,ts_B
Z,S,2000-07-15,2.6613103664107696,0.8937442951472974,ts_B
L,J,2000-07-16,-0.32169649000772693,-1.6213311679745805,ts_B
C,F,2000-07-17,-0.3183908319511168,0.4566333939206281,ts_B
H,P,2000-07-18,0.13770798510589574,-1.8658580380830747,ts_B
E,H,2000-07-19,0.6713214250755896,-0.0813158029935563,ts_B
S,F,2000-07-20,-1.119355751392214,-0.6160578945213809,ts_B
D,K,2000-07-21,0.035818396166489956,0.4805125354602216,ts_B
Z,O,2000-07-22,-2.426261011079822,0.03062908649919338,ts_B
H,K,2000-07-23,0.06595717308191805,-1.2711029888100522,ts_B
A,A,2000-07-24,0.07541148216512113,-0.9492787208567579,ts_B
Z,K,2000-07-25,-0.23115979865845826,-0.30585328070783724,ts_B
A,B,2000-07-26,-1.7560200081090966,1.1937489928637812,ts_B
N,X,2000-07-27,1.3814338254775125,0.042554256274298354,ts_B
K,B,2000-07-28,-0.8751704324842692,0.3801847583149666,ts_B
P,U,2000-07-29,1.4617407648712484,0.3347676284780085,ts_B
U,X,2000-07-30,-0.06082195224836014,1.6419100255973482,ts_B
X,L,2000-07-31,0.009895943606952357,-1.9939719318895865,ts_B
X,F,2000-08-01,0.8373950277881894,-0.29949058093504377,ts_B
H,V,2000-08-02,-0.28418013262473163,1.1268358014798892,ts_B
X,P,2000-08-03,1.1779635512241402,0.8203158941753774,ts_B
I,S,2000-08-04,0.7607233357676892,-1.21673048135372,ts_B
P,N,2000-08-05,-1.2780493907627122,-1.383170211063783,ts_B
V,B,2000-08-06,0.3828927218967288,2.0956228558151757,ts_B
F,L,2000-08-07,1.2281661253763525,-0.5840483449399758,ts_B
Q,E,2000-08-08,2.7739742113125674,-1.7279466388198301,ts_B
I,T,2000-08-09,-1.0396586017234346,-0.03653687483130691,ts_B
S,G,2000-08-10,-0.22828438376753704,-0.8665204924329857,ts_B
N,G,2000-08-11,-0.7695204204362877,1.9819417024799526,ts_B
O,R,2000-08-12,-2.027825611837762,0.47736042332780126,ts_B
S,J,2000-08-13,1.240229492572947,1.2600246078700565,ts_B
W,C,2000-08-14,1.2381234789278068,0.675552100389928,ts_B
I,T,2000-08-15,-1.0557930919740974,1.0792505755038817,ts_B
G,N,2000-08-16,-0.15813157438647354,0.7601612565982944,ts_B
I,E,2000-08-17,0.6200863673077825,0.16172429744405512,ts_B
A,N,2000-08-18,-1.207264285143146,-0.018951065666733567,ts_B
B,R,2000-08-19,1.3037370865052424,1.8586159716493673,ts_B
H,V,2000-08-20,0.2763838561439061,-0.31233548048682486,ts_B
I,F,2000-08-21,-2.499717539202338,-0.2088463893027638,ts_B
X,X,2000-08-22,-0.8235041280988867,-0.2703218992297485,ts_B
H,Q,2000-08-23,-1.3641851948114514,-0.06519126836338433,ts_B
B,W,2000-08-24,-1.6011894014404189,1.1378570472420735,ts_B
K,G,2000-08-25,-0.7827352401141427,-0.18636242295849945,ts_B
R,R,2000-08-26,0.6640339573829172,2.1243342448460196,ts_B
M,S,2000-08-27,0.9968331088367326,0.8647844156238945,ts_B
B,G,2000-08-28,-0.6785692772466462,-0.14902828824835063,ts_B
K,G,2000-08-29,0.6958020511944436,0.2322474491996986,ts_B
B,B,2000-08-30,-0.469916671471411,0.7686000645492506,ts_B
O,S,2000-08-31,0.706763851232896,0.09149645628668543,ts_B
W,B,2000-09-01,-1.1781967993081166,-0.6719981671251728,ts_B
R,C,2000-09-02,-0.16864060785661314,1.2342311190262791,ts_B
H,V,2000-09-03,0.30467216991290147,-1.6638399981394523,ts_B
K,S,2000-09-04,-0.6601649841031284,0.5695435650123171,ts_B
F,L,2000-09-05,0.7141494777992086,-0.6558693589515611,ts_B
W,A,2000-09-06,1.6640727787770964,0.05857221310423759,ts_B
W,Y,2000-09-07,0.8132490847432915,-0.47435135491751357,ts_B
F,M,2000-09-08,-0.04176208304775143,1.548415205929956,ts_B
Y,K,2000-09-09,-1.3537280090210755,1.3102816775299762,ts_B
J,D,2000-09-10,-0.40457699190896035,-3.289118334890227,ts_B
L,B,2000-09-11,-2.4639615430058512,0.42575306474718105,ts_B
I,F,2000-09-12,1.0955602745557662,-1.714837867966809,ts_B
S,V,2000-09-13,0.5780613422316195,-0.9024581861027952,ts_B
K,R,2000-09-14,0.8394972194413283,-0.9481448824295164,ts_B
P,F,2000-09-15,-1.0572216209219059,1.0519352498867953,ts_B
D,R,2000-09-16,-1.0050648247027973,-0.9760147036878578,ts_B
U,T,2000-09-17,-1.4836157899337787,0.45121560883699674,ts_B
F,A,2000-09-18,-0.5326677636543933,0.7487502676949023,ts_B
H,X,2000-09-19,-0.45812526540950377,-0.053100822764920806,ts_B
V,I,2000-09-20,1.2206537115083518,0.5191921772527169,ts_B
B,W,2000-09-21,-0.7842555345775617,0.08855474406720819,ts_B
F,G,2000-09-22,-0.7487904338153849,0.7589277863171698,ts_B
F,R,2000-09-23,-0.1493032818472479,-0.33387188979846893,ts_B
M,B,2000-09-24,2.3460117741482596,0.09811149538743977,ts_B
K,J,2000-09-25,-0.02585679769595123,-0.06420788929369808,ts_B
E,L,2000-09-26,-2.049754647456286,-1.0753502481010675,ts_B
G,Y,2000-09-27,-1.0328203009979442,-0.4761014030462788,ts_B
M,C,2000-09-28,0.7284469756369267,1.1485711720695864,ts_B
I,N,2000-09-29,-0.47287998522913627,2.650057258692357,ts_B
X,D,2000-09-30,0.9489448266266759,-0.5613245483047093,ts_B
X,U,2000-10-01,-0.27960030592043034,-1.0949760359442053,ts_B
R,E,2000-10-02,0.5681772809310792,0.703531739029061,ts_B
T,H,2000-10-03,-0.4366225406121774,1.7989419124019352,ts_B
O,S,2000-10-04,-0.30657460633141004,0.1694268426212937,ts_B
D,I,2000-10-05,-0.6048430025011906,-1.7050757395332397,ts_B
K,V,2000-10-06,-2.391068998041809,0.026952182857616292,ts_B
J,O,2000-10-07,1.0013167531900424,-0.8379997544803511,ts_B
Q,A,2000-10-08,0.332950697361594,0.11193883722087526,ts_B
J,M,2000-10-09,0.5315183795731416,-0.45302312871708506,ts_B
X,V,2000-10-10,0.5193139227778975,-1.7010918631251102,ts_B
G,Z,2000-10-11,2.3929024672883465,-0.954246637925883,ts_B
H,C,2000-10-12,1.6127068768624366,0.9238364362111432,ts_B
L,C,2000-10-13,-0.9160117523755147,0.054081626122723735,ts_B
X,J,2000-10-14,-1.2694949128486215,-0.2383359151587875,ts_B
Y,I,2000-10-15,-0.14957862122287788,-0.9149551306589022,ts_B
O,G,2000-10-16,1.0578915525539314,-0.9715064773194695,ts_B
Q,G,2000-10-17,-0.34149930265797185,0.49584536165349546,ts_B
G,U,2000-10-18,1.5999864943725464,0.19182970308289704,ts_B
B,E,2000-10-19,-0.15711793303298568,0.479579440206931,ts_B
H,I,2000-10-20,-0.16274875033356945,-0.6009898974154533,ts_B
C,F,2000-10-21,-0.9976368733542372,1.1995682225198367,ts_B
O,K,2000-10-22,0.6542446664595286,-0.2554557153593348,ts_B
X,Z,2000-10-23,-1.3197729573563552,0.20451396245383038,ts_B
V,J,2000-10-24,-0.3151886797553119,1.9350287220071754,ts_B
D,F,2000-10-25,0.465136265984285,-0.10135045742881944,ts_B
P,J,2000-10-26,-0.38417487204379813,-0.12353005847382459,ts_B
R,L,2000-10-27,0.19350933831834366,0.7417598589227348,ts_B
E,P,2000-10-28,-0.632534831066556,-0.05068731029888647,ts_B
J,R,2000-10-29,0.45109410929305743,-0.20565512115723147,ts_B
R,Q,2000-10-30,-0.3852188383729536,-1.2931017898297965,ts_B
U,M,2000-10-31,-0.43157084877348406,0.8970985255399413,ts_B
W,H,2000-11-01,-0.02419719230621874,-0.331034486553964,ts_B
S,M,2000-11-02,0.10330980124989492,-1.0679564252829463,ts_B
R,J,2000-11-03,1.7520667889221684,2.6943602736340844,ts_B
T,C,2000-11-04,0.4063568530254808,1.0337299134638307,ts_B
Y,Z,2000-11-05,-0.9064263321117635,0.7077261514057961,ts_B
W,Y,2000-11-06,-1.0053104965535145,-1.0013377898606284,ts_B
T,O,2000-11-07,-0.399719227124676,2.21162009303256,ts_B
A,D,2000-11-08,0.6810479291996092,-1.0634361631409395,ts_B
L,D,2000-11-09,-0.5965144802310464,-1.2448252516602507,ts_B
Z,J,2000-11-10,0.7764973581400496,0.3401355615198619,ts_B
U,R,2000-11-11,-0.9490443256440017,0.14817162432129477,ts_B
I,J,2000-11-12,1.6499888505725435,-0.7577867146523632,ts_B
G,Z,2000-11-13,0.7729080720135514,-0.16046448998248908,ts_B
G,D,2000-11-14,0.5813815183604479,0.7985604338157063,ts_B
U,R,2000-11-15,0.2343650561944293,-1.5098647168814787,ts_B
S,T,2000-11-16,0.6266868438965055,-1.1598249417546915,ts_B
G,T,2000-11-17,0.27978618244994563,0.577380193913702,ts_B
A,Q,2000-11-18,-1.3342660133447881,-0.6749162349483301,ts_B
T,F,2000-11-19,-1.6045857277124795,-0.9594643077740496,ts_B
T,D,2000-11-20,1.2566010956656077,1.5672709507082128,ts_B
H,Q,2000-11-21,-0.28559378270675095,0.2558510651700759,ts_B
C,Q,2000-11-22,0.9368849549289447,-0.3069551446831793,ts_B
P,Z,2000-11-23,2.2149292264087483,1.565842595249446,ts_B
K,X,2000-11-24,-2.002898448143198,-0.5665930622514406,ts_B
V,T,2000-11-25,0.5126759201422842,0.33906427560527547,ts_B
X,D,2000-11-26,-0.10038620154770628,-0.1551093258973409,ts_B
P,C,2000-11-27,-1.8884051315592423,0.16435690135403672,ts_B
Z,O,2000-11-28,-2.166704489662126,0.38415484789413706,ts_B
L,H,2000-11-29,0.12649829802649126,-0.015485686762778504,ts_B
R,R,2000-11-30,-1.003436920953393,-0.8917719684403506,ts_B
W,Q,2000-12-01,-0.1882894851736188,3.0338279222491167,ts_B
F,D,2000-12-02,0.3791076126133784,-0.12273994144729972,ts_B
T,N,2000-12-03,0.582731469851668,0.19347599224767628,ts_B
O,H,2000-12-04,-0.13112914648944668,0.2085693346166806,ts_B
E,G,2000-12-05,1.8177211774025326,-0.4107867631018775,ts_B
O,J,2000-12-06,-0.884161735929386,0.2141763745146709,ts_B
D,G,2000-12-07,1.13470242399313,1.9864228056593372,ts_B
W,S,2000-12-08,-1.701100466860109,-2.5294979171045995,ts_B
Y,T,2000-12-09,-1.873116202673021,-2.1461396792251755,ts_B
X,L,2000-12-10,-0.5842976100684713,-0.08336697034214105,ts_B
J,J,2000-12-11,0.04541222298900731,-2.3886435537573405,ts_B
V,X,2000-12-12,0.7950269822667577,-0.20767091863216067,ts_B
L,O,2000-12-13,0.03988446512717885,0.9804494654898288,ts_B
V,N,2000-12-14,-0.9590826983814248,1.8617981588221166,ts_B
V,N,2000-12-15,-0.6310189866459599,0.1177558773358467,ts_B
M,G,2000-12-16,-1.2587465499655042,0.6070760661886706,ts_B
A,W,2000-12-17,0.9177137615814228,-0.6659029739348568,ts_B
L,U,2000-12-18,-0.6391551826854361,1.514543555092034,ts_B
U,H,2000-12-19,-0.339621828385483,-0.2514249705457067,ts_B
L,O,2000-12-20,0.15807349229815937,-1.2618501318867896,ts_B
G,P,2000-12-21,0.5410856543058862,0.7038747303995696,ts_B
R,I,2000-12-22,-1.816947918156385,-0.8388282157389326,ts_B
O,Q,2000-12-23,-0.3875574170551704,-1.9607990461408054,ts_B
K,M,2000-12-24,0.7526878275134778,-1.5955564936290643,ts_B
P,Q,2000-12-25,-1.2792253925931591,-0.8395170287747726,ts_B
O,E,2000-12-26,-0.7118837798065156,0.29472983481701603,ts_B
G,U,2000-12-27,2.5427288455153527,-0.7745905822615526,ts_B
S,M,2000-12-28,0.20731932069538847,-0.5419410078459654,ts_B
B,X,2000-12-29,-0.7189190271966238,0.08358638896515769,ts_B
Z,X,2000-12-30,-0.9816879501611995,-0.286651497218478,ts_B
J,F,2000-12-31,-1.126970525719575,-0.8904594509614866,ts_B
Y,U,2001-01-01,0.5045718672367207,-0.3015729074808019,ts_B
B,N,2001-01-02,0.980548470502028,0.02301640058221978,ts_B
A,B,2001-01-03,-2.0120402793345935,2.875068953131599,ts_B
E,M,2001-01-04,-0.05195168314124656,-0.9140515324838987,ts_B
L,C,2001-01-05,0.039860456383999855,0.48596821445128213,ts_B
F,Q,2001-01-06,-1.54669021077463,-0.49499827582425926,ts_B
F,V,2001-01-07,1.0388012966663598,-0.7725046762057957,ts_B
D,O,2001-01-08,0.5964316055117319,0.4174454536673583,ts_B
G,I,2001-01-09,1.32242420615593,-0.9929865522230312,ts_B
X,M,2001-01-10,-0.27990098082445003,1.0053906192370383,ts_B
F,A,2001-01-11,-0.1829380805346632,0.606035765173699,ts_B
I,K,2001-01-12,1.5679560440454825,-1.2621956898758706,ts_B
V,V,2001-01-13,0.8106712771551499,0.5723243655238123,ts_B
V,B,2001-01-14,-0.308258190811048,-0.9510306805108255,ts_B
J,R,2001-01-15,-1.0387545272850365,-0.002337850858894655,ts_B
B,P,2001-01-16,0.04478854876790163,2.292345404996352,ts_B
F,E,2001-01-17,0.7810962623262482,-0.9951439103684362,ts_B
U,R,2001-01-18,0.8737504761309753,-2.055315819420426,ts_B
C,G,2001-01-19,1.0965348001372126,-1.507381816800415,ts_B
A,J,2001-01-20,-0.7098674927417935,1.5858548838588304,ts_B
W,V,2001-01-21,-1.4810419160133945,0.9918784017348192,ts_B
W,O,2001-01-22,-0.2831336104764915,-0.8334034081597295,ts_B
U,L,2001-01-23,1.508943676792691,1.3998162398254088,ts_B
B,P,2001-01-24,-1.1686586788843794,0.9152085840568506,ts_B
Q,R,2001-01-25,0.8750209861175705,0.846060166249892,ts_B
K,W,2001-01-26,-2.3260887830963513,-0.9476952829801177,ts_B
B,Y,2001-01-27,-0.36365745933389926,1.9146933083123674,ts_B
U,N,2001-01-28,-0.140537925502311,2.0964138004275465,ts_B
N,E,2001-01-29,1.2071123163667534,0.3893511035159294,ts_B
A,W,2001-01-30,1.0640888798787247,0.4289530733822968,ts_B
T,P,2001-01-31,0.5951921056921332,0.039905819586234,ts_B
Z,I,2001-02-01,1.7062368027918045,0.038880110301817726,ts_B
D,F,2001-02-02,0.5997023315132272,-0.12281455201669486,ts_B
Y,J,2001-02-03,0.026189468856211415,-0.2738888950841014,ts_B
N,D,2001-02-04,0.24477739192082704,-0.4091360477585979,ts_B
N,B,2001-02-05,0.692277467968254,-0.09563121523687332,ts_B
T,X,2001-02-06,-0.4110347618268659,0.36445940771727126,ts_B
R,I,2001-02-07,1.816525292565528,-1.3796799866177762,ts_B
J,J,2001-02-08,-0.2897643464846072,0.5227987783260043,ts_B
S,I,2001-02-09,0.6799293531735819,0.08964959607807663,ts_B
B,O,2001-02-10,-0.06339535473130344,0.2608813515636696,ts_B
A,M,2001-02-11,3.119422379858969,-0.7531346410100298,ts_B
U,X,2001-02-12,0.44901139094837234,-0.23352079283285626,ts_B
T,S,2001-02-13,1.3108201552350094,-1.9769681839962427,ts_B
N,W,2001-02-14,1.0593308705232953,-1.591597324850473,ts_B
H,M,2001-02-15,0.5144213997212825,0.7642630473952882,ts_B
S,Q,2001-02-16,0.6010157486876946,-0.8985511983316481,ts_B
O,E,2001-02-17,0.5938647212885609,1.5562474185820472,ts_B
M,U,2001-02-18,0.30676933353263985,-0.45873277762760106,ts_B
D,K,2001-02-19,0.01246563607744708,0.05808430524640383,ts_B
I,Z,2001-02-20,-0.09154694950658916,0.14646556039468694,ts_B
Y,V,2001-02-21,-0.011377091752943566,-0.4079392056177812,ts_B
X,Z,2001-02-22,-0.430104115729642,1.3655685979088348,ts_B
R,T,2001-02-23,-0.1977912952901486,2.288653566152873,ts_B
H,J,2001-02-24,1.2335033241252722,-0.7936282462303598,ts_B
F,B,2001-02-25,1.3466845616575884,0.15809293448283607,ts_B
Q,Y,2001-02-26,-1.9671034603228454,0.8437014448813687,ts_B
U,Z,2001-02-27,-0.3849696582097,-0.023629390942019355,ts_B
O,J,2001-02-28,0.662949079890083,-0.32958725839796044,ts_B
B,L,2001-03-01,-1.3232906705731042,-0.9873773177749426,ts_B
W,D,2001-03-02,0.5076765920556849,1.0318483592529137,ts_B
U,X,2001-03-03,-0.5388550161344909,-0.8784653550330607,ts_B
I,O,2001-03-04,-0.3581884385435492,0.10252037937980073,ts_B
T,R,2001-03-05,-0.14804053943426373,-0.2641771371010035,ts_B
T,P,2001-03-06,0.5947980769744656,-0.6214606722067311,ts_B
M,S,2001-03-07,-0.7983563807757594,1.6127731830671055,ts_B
Z,T,2001-03-08,-1.6761797035007946,-2.4049138685181224,ts_B
V,G,2001-03-09,-0.027664984056313936,0.5817051095763766,ts_B
Z,P,2001-03-10,0.4426162727708632,0.06104832385838045,ts_B
U,N,2001-03-11,0.4852444815254962,1.2068866261682623,ts_B
D,N,2001-03-12,1.0803384648950882,-0.814737057324368,ts_B
M,I,2001-03-13,-0.21340104542323762,0.565576636698506,ts_B
Q,T,2001-03-14,0.1508177705005592,-0.8010415154649773,ts_B
I,K,2001-03-15,-0.024668705080998114,0.7883286042164366,ts_B
I,Z,2001-03-16,-0.4687897790958609,-0.7347156172029421,ts_B
S,W,2001-03-17,-0.9857245728634864,-0.07912803501631493,ts_B
L,H,2001-03-18,0.510998417249244,0.6986438899760321,ts_B
S,M,2001-03-19,-1.1817689259322608,0.6701714567646738,ts_B
I,H,2001-03-20,-0.2642206326801762,-0.5756611660733721,ts_B
E,V,2001-03-21,1.08590220242459,-0.9985618769442465,ts_B
Q,U,2001-03-22,-2.2909408880440583,1.028897370806352,ts_B
M,Z,2001-03-23,1.1204885888485596,0.16311688199194857,ts_B
Z,C,2001-03-24,-0.20090794830291872,-0.19221800701198777,ts_B
U,E,2001-03-25,0.7276039003053775,-1.4440542464574064,ts_B
F,Y,2001-03-26,0.903209852008745,1.3785909030135262,ts_B
K,Z,2001-03-27,0.07634660252305821,-0.6781083420706178,ts_B
V,B,2001-03-28,-1.0666243373051172,0.9524206472263628,ts_B
J,H,2001-03-29,0.8065423337191994,-0.7278450364016588,ts_B
N,Z,2001-03-30,0.031994842913592135,1.5452341186274003,ts_B
C,R,2001-03-31,0.7996221006826671,2.104210360618447,ts_B
E,B,2001-04-01,-1.1346367242990762,0.051289851242987634,ts_B
H,Y,2001-04-02,0.4754569758641268,-1.3347979306222515,ts_B
W,S,2001-04-03,-0.4008959186846781,-0.2595923407648199,ts_B
C,D,2001-04-04,-0.3257171959357271,-0.9660276049599692,ts_B
H,A,2001-04-05,-0.4980396302279184,-1.4119867212366144,ts_B
P,N,2001-04-06,-0.3003557282941234,-0.3533074386274998,ts_B
F,B,2001-04-07,-1.2922350903870983,0.583231101855569,ts_B
Z,Q,2001-04-08,-2.346776082570747,0.21993106364775925,ts_B
R,Y,2001-04-09,-1.8057577152676214,-1.2392210657165337,ts_B
X,J,2001-04-10,2.9348613232638106,0.9829902999830802,ts_B
F,Z,2001-04-11,1.063349361322645,-0.4337900929872803,ts_B
I,Y,2001-04-12,-1.4130034272066938,1.9388329407817821,ts_B
E,U,2001-04-13,-0.727011215792388,2.1227289255453847,ts_B
Y,K,2001-04-14,0.19280252679598187,1.334562496233147,ts_B
X,U,2001-04-15,-1.0588082796699232,0.5935784590035093,ts_B
D,D,2001-04-16,0.05366465638097879,0.9968091718090482,ts_B
L,C,2001-04-17,-1.0222858161823112,-2.0062566714801826,ts_B
K,K,2001-04-18,0.06866888870279439,0.26305384543789795,ts_B
A,K,2001-04-19,-0.6382346674418439,-0.023488726541515337,ts_B
Q,P,2001-04-20,0.7759012371157228,0.5268872020984477,ts_B
D,I,2001-04-21,-0.8913537015757479,0.015413256130909289,ts_B
H,T,2001-04-22,0.5385884798618514,1.9668796421723562,ts_B
Z,L,2001-04-23,-0.07001962404943873,0.13967929150909514,ts_B
V,Y,2001-04-24,1.5914641677278574,-1.4082451715888715,ts_B
A,B,2001-04-25,0.38794062880836294,0.2568719866438897,ts_B
Q,C,2001-04-26,0.7759964368844041,-1.0842247456347627,ts_B
I,B,2001-04-27,-0.5601345486046689,-0.5310716600300206,ts_B
R,Z,2001-04-28,-1.3269568235712346,0.07934674205317642,ts_B
R,Y,2001-04-29,1.1703326976117792,-0.27355285613610797,ts_B
Z,W,2001-04-30,-0.225887459768317,0.5575472399585948,ts_B
T,B,2001-05-01,-1.6591131696831531,0.2914605260521786,ts_B
K,O,2001-05-02,-1.0062742040147374,-1.6400311704834363,ts_B
D,C,2001-05-03,-1.1580535237238598,-0.4083025178096888,ts_B
F,F,2001-05-04,0.7752544415096234,-1.8218471425013874,ts_B
E,F,2001-05-05,0.091901022659739,0.32025392261263824,ts_B
H,B,2001-05-06,0.29637017663688553,0.5540243870222077,ts_B
P,U,2001-05-07,0.8867646233593239,-0.8080671395737133,ts_B
R,H,2001-05-08,-1.0616053878104341,-0.003316734735455683,ts_B
W,H,2001-05-09,1.0340434805805052,-1.5409403514082656,ts_B
X,Y,2001-05-10,0.4645496265469585,-0.1650560977947253,ts_B
V,J,2001-05-11,-0.5913121432216276,-0.3936177517613523,ts_B
N,C,2001-05-12,-1.0638930843749228,0.9274718305139212,ts_B
M,P,2001-05-13,-0.27769199972939534,-0.7252031776151766,ts_B
X,M,2001-05-14,-2.3213912588269014,-2.100576307644575,ts_B
N,D,2001-05-15,0.22321626963504268,1.5024960500732887,ts_B
Q,Q,2001-05-16,0.6781740629592218,-1.1925456280087336,ts_B
Z,F,2001-05-17,0.04828090963552524,-0.22515978179770146,ts_B
N,L,2001-05-18,0.7139368546390588,-1.8323258283677486,ts_B
C,O,2001-05-19,-2.4363761869941527,1.019000549781464,ts_B
M,D,2001-05-20,1.224154176610518,0.0044113887745409665,ts_B
B,G,2001-05-21,0.030505332109202137,1.7756095518392225,ts_B
F,B,2001-05-22,-1.5436922687926489,-1.883324189588509,ts_B
C,P,2001-05-23,-1.4783314712529678,-0.421538553601122,ts_B
G,R,2001-05-24,1.484367259782884,0.3249201144902139,ts_B
A,J,2001-05-25,1.2124457665615873,0.9624055525081059,ts_B
P,Y,2001-05-26,-0.015573969641512387,-1.2489041903285918,ts_B
I,W,2001-05-27,0.09974798916251885,-0.5448561972619143,ts_B
V,Q,2001-05-28,-0.3134583795794982,0.1191998530020286,ts_B
S,Y,2001-05-29,-0.829392587367922,1.1255792255379402,ts_B
X,B,2001-05-30,-0.4828022491847331,0.16702281572968405,ts_B
J,N,2001-05-31,-1.192705579635396,-0.2547020795291387,ts_B
N,E,2001-06-01,0.43152483350335546,1.293536135590162,ts_B
O,N,2001-06-02,-0.9728479453668256,-0.12048807698014495,ts_B
K,V,2001-06-03,-0.031057890657284676,-0.4699245839750976,ts_B
Q,L,2001-06-04,0.7908067717336495,-0.9944967650400103,ts_B
S,V,2001-06-05,0.6788368972361171,-0.3253069332039332,ts_B
Z,A,2001-06-06,-0.14700981211785108,-0.21149016949880822,ts_B
E,U,2001-06-07,-0.49527890805726515,-0.3294212683336332,ts_B
T,O,2001-06-08,0.6769235782634204,0.15897786090953167,ts_B
N,P,2001-06-09,0.30392613950835556,1.670281546435551,ts_B
A,Q,2001-06-10,-1.0240255152108102,0.9426042312668121,ts_B
W,I,2001-06-11,1.131499313028809,0.0019009996737088886,ts_B
N,L,2001-06-12,-0.5531460204967314,-2.670889463243326,ts_B
P,T,2001-06-13,-0.4528040739313568,0.2514075046992642,ts_B
M,G,2001-06-14,-0.6268194400210483,-1.5447031495195782,ts_B
D,L,2001-06-15,1.8077859464198942,0.47351584608222497,ts_B
W,F,2001-06-16,0.5556130731489173,-1.1735143336085183,ts_B
V,X,2001-06-17,0.7048747048167934,-0.13834651848105828,ts_B
S,H,2001-06-18,-1.7017599007109165,-1.9687290000182076,ts_B
Y,D,2001-06-19,0.9909636684725998,-0.04086854926826741,ts_B
R,H,2001-06-20,-0.8514128010228906,0.013286531260100144,ts_B
J,G,2001-06-21,1.9352286328092316,-0.5616904080003815,ts_B
L,N,2001-06-22,-1.5236963478807672,0.4700520285754053,ts_B
I,V,2001-06-23,-1.1430720465638335,-1.9142939167780924,ts_B
G,A,2001-06-24,-0.41770202249037697,0.5360703310282663,ts_B
O,Y,2001-06-25,1.1233841544838539,-1.2634810017759706,ts_B
Q,O,2001-06-26,-0.6882825823941413,-0.6006254732531582,ts_B
I,X,2001-06-27,0.7385589776218932,0.059511307029921544,ts_B
W,Z,2001-06-28,-0.44692847149347575,0.41200146324118514,ts_B
W,E,2001-06-29,-0.28826302513862617,-1.1584231757276038,ts_B
D,O,2001-06-30,-0.33455071597464014,-0.08546226774902821,ts_B
S,A,2001-07-01,-0.5650748792963902,-0.17829106354922908,ts_B
V,E,2001-07-02,-0.8437140728056385,-0.64278678615247,ts_B
B,K,2001-07-03,-0.3961269363675419,-0.11643420743347986,ts_B
F,U,2001-07-04,0.7532385057165707,-0.2831028462645602,ts_B
S,D,2001-07-05,-0.2763411888661886,-1.568171068436166,ts_B
R,K,2001-07-06,0.40834054951921517,0.17445875795113974,ts_B
Y,R,2001-07-07,-0.9781707187045681,0.8417492137320115,ts_B
F,W,2001-07-08,-1.1273502482078082,0.8572133159565138,ts_B
V,Q,2001-07-09,0.33244971941755863,-1.0581449706644612,ts_B
R,E,2001-07-10,1.4116596693003167,-0.6026548828464505,ts_B
Z,O,2001-07-11,-1.4613888407502467,0.011019255475133709,ts_B
D,D,2001-07-12,1.5171302349475257,0.020919377374756232,ts_B
D,J,2001-07-13,-1.8059032198788265,-0.4037990870412258,ts_B
Y,Z,2001-07-14,-1.5977717888692746,0.48496664215531404,ts_B
T,U,2001-07-15,1.1051898038340573,0.09619030588432312,ts_B
O,Z,2001-07-16,0.3280694119232648,-0.12385155127376242,ts_B
N,Z,2001-07-17,-1.2743426059589669,0.5586390096268076,ts_B
O,H,2001-07-18,0.2403024384726063,0.6600047521799716,ts_B
M,Q,2001-07-19,2.0557103369486733,0.8567012066423986,ts_B
X,C,2001-07-20,0.31264516183955965,-1.3409054296633396,ts_B
G,Q,2001-07-21,-0.06882302629857862,0.16792021161136084,ts_B
Y,B,2001-07-22,0.3875924972671713,0.2204662682231916,ts_B
N,R,2001-07-23,0.47946424707521007,-1.1614386832908983,ts_B
L,A,2001-07-24,-0.4824786256820049,0.03939108188738099,ts_B
V,W,2001-07-25,-0.29683160993738195,0.2741487512793433,ts_B
G,W,2001-07-26,0.8484951879404307,-2.5659203409755404,ts_B
J,Q,2001-07-27,-0.2747895246657362,-2.8082284385309264,ts_B
E,S,2001-07-28,0.6424950839664233,0.1376108132480361,ts_B
L,Y,2001-07-29,-0.8248140604137305,0.19026762901939834,ts_B
C,T,2001-07-30,0.22970292666608744,0.46903821265062406,ts_B
O,B,2001-07-31,0.8904831376901658,-0.663968466816812,ts_B
A,F,2001-08-01,-0.593720422679808,0.4557755363309539,ts_B
X,E,2001-08-02,0.2791587409468037,-0.36779661161236343,ts_B
O,Y,2001-08-03,1.1507718298440637,-0.9848439718839884,ts_B
E,C,2001-08-04,0.9811752626055963,0.7573220086584357,ts_B
I,B,2001-08-05,-0.6414610306817655,0.42570257070698814,ts_B
N,X,2001-08-06,-0.340029459857906,0.46351090676621154,ts_B
T,Y,2001-08-07,-0.9655347502764582,-0.9268855193572758,ts_B
G,M,2001-08-08,1.0204091372253037,-0.516659193682328,ts_B
I,J,2001-08-09,0.007457656749527552,-0.9996385517322945,ts_B
K,Z,2001-08-10,0.829904039179631,-0.5240735152686393,ts_B
Z,M,2001-08-11,-0.39745009518874325,-0.5603161611856301,ts_B
L,E,2001-08-12,-0.8663369140735057,-0.14783861797530354,ts_B
M,W,2001-08-13,1.4470841105874508,0.7748263884858766,ts_B
M,K,2001-08-14,-1.8911487965148726,-0.20601908691767082,ts_B
M,P,2001-08-15,-0.839244996250461,0.9434289522336347,ts_B
D,W,2001-08-16,0.8877578462288244,0.30577670646528204,ts_B
M,B,2001-08-17,-1.2116792692106344,-0.2691719765807731,ts_B
G,N,2001-08-18,0.6279822073491058,0.1458657028620159,ts_B
I,O,2001-08-19,-0.7096205751522922,-2.445497473797983,ts_B
T,R,2001-08-20,0.8017488836071597,-0.05256753330065292,ts_B
C,V,2001-08-21,0.9199243926675198,0.7365266308564772,ts_B
C,H,2001-08-22,-1.6544826368641259,-0.9643733818311666,ts_B
N,A,2001-08-23,0.44137965592291006,0.5472019688188364,ts_B
H,L,2001-08-24,-0.7057521819451934,-0.9689444768477432,ts_B
L,G,2001-08-25,-0.6229534745913033,-0.45969148505710195,ts_B
R,J,2001-08-26,-0.10805644622060465,0.03899006872745508,ts_B
S,Y,2001-08-27,-0.8740608401336161,1.9512137777214023,ts_B
W,E,2001-08-28,1.3994314966027745,1.013399147908928,ts_B
J,G,2001-08-29,0.34283834139437963,-1.1831003743864097,ts_B
L,Z,2001-08-30,2.2131562409481162,-0.5988337312572903,ts_B
A,A,2001-08-31,-0.4962288687331466,0.4582923303507198,ts_B
A,C,2001-09-01,-0.4818383850892693,-1.3336198965972395,ts_B
O,O,2001-09-02,-0.845164325169434,-0.5102713029707057,ts_B
D,K,2001-09-03,-1.317365964204799,-0.20455893954197354,ts_B
D,T,2001-09-04,-0.9706999749500654,-1.6373266013565475,ts_B
K,K,2001-09-05,1.8670069870662167,-0.35659403440378135,ts_B
E,E,2001-09-06,-1.0381073908542684,0.2855490633672827,ts_B
C,R,2001-09-07,-1.0500570408201375,0.2759392646439212,ts_B
M,O,2001-09-08,-1.3243558064196606,-1.2909164973290472,ts_B
P,C,2001-09-09,1.0951783750983632,-0.9245253986531157,ts_B
T,G,2001-09-10,-1.1932148273307321,1.4456729205193406,ts_B
R,O,2001-09-11,1.6038514938673394,0.6612321258677775,ts_B
A,G,2001-09-12,0.47938495129400716,1.0095698242531506,ts_B
N,W,2001-09-13,1.7610069306945122,1.012471057177954,ts_B
G,Y,2001-09-14,0.034117305085879075,0.257725716491694,ts_B
O,I,2001-09-15,0.28568903876218604,2.9911160756723887,ts_B
X,E,2001-09-16,0.9765369929532549,-0.36900421679710294,ts_B
K,Q,2001-09-17,-0.20219305501051468,0.45125583031676403,ts_B
P,F,2001-09-18,0.3114403243024394,1.9437237699495933,ts_B
A,Z,2001-09-19,-0.7093962729986512,-0.6063681521538453,ts_B
I,E,2001-09-20,-0.37406367537527024,-0.786245786459559,ts_B
J,Z,2001-09-21,0.12141558083832217,1.8430123628298403,ts_B
O,E,2001-09-22,0.8944312949567826,-0.4343373085025961,ts_B
P,L,2001-09-23,-1.3012451890690875,-0.4176735764334368,ts_B
T,M,2001-09-24,0.5579097655814691,1.9535455874784136,ts_B
K,A,2001-09-25,0.5555052472531629,0.5483936448992202,ts_B
T,O,2001-09-26,-0.5817444109297031,0.1487844186288144,ts_B
T,Q,2001-09-27,0.038317814342051004,-0.6343014031711718,ts_B
A,K,2001-09-28,-0.26718626465850354,-0.6970492528686443,ts_B
F,W,2001-09-29,1.9807956767151143,-1.41628362564089,ts_B
G,J,2001-09-30,-0.8807816641093894,-1.4043973434600994,ts_B
Q,Z,2001-10-01,1.701988186136928,-0.7438860962727236,ts_B
V,X,2001-10-02,-0.31271875488230294,1.2177449048956286,ts_B
H,F,2001-10-03,1.2907164489875158,-0.8844007938904749,ts_B
A,D,2001-10-04,-0.016219416115911222,0.3030136564719158,ts_B
N,T,2001-10-05,-0.6333878082975896,0.6359563781294874,ts_B
V,J,2001-10-06,-2.2362187318943016,-1.2476736005022255,ts_B
B,B,2001-10-07,0.9377825077559125,2.096837369639856,ts_B
J,J,2001-10-08,1.557248065011303,0.14143897635759287,ts_B
P,C,2001-10-09,0.5243452915073663,0.027129268689818936,ts_B
K,N,2001-10-10,0.7834311413470721,-1.307241471741726,ts_B
X,T,2001-10-11,0.5894929975930193,-1.2864293962304023,ts_B
G,H,2001-10-12,-0.9774196259000252,0.9562815996895938,ts_B
R,D,2001-10-13,1.9269242661871682,0.29414049529149533,ts_B
F,I,2001-10-14,0.5615070992006765,-0.0604238808460313,ts_B
S,L,2001-10-15,-0.6910647810492974,1.5633576173003552,ts_B
L,N,2001-10-16,-1.2796745827790534,-0.06274521246481544,ts_B
I,F,2001-10-17,0.9928512909395714,-1.8616952201608263,ts_B
Y,H,2001-10-18,-0.08698969801371603,0.05315888401770237,ts_B
G,Y,2001-10-19,-2.8308138115684156,0.5312980967044056,ts_B
O,B,2001-10-20,0.07104131743907471,1.1447825503683258,ts_B
I,J,2001-10-21,-1.2805112744736196,1.246399262411938,ts_B
U,C,2001-10-22,-0.31250415273891174,1.318932907663698,ts_B
S,N,2001-10-23,1.262324477691342,-0.8500134470849531,ts_B
B,B,2001-10-24,-0.1697568079351592,0.08006863120837668,ts_B
A,K,2001-10-25,-0.525392906353346,0.45338783688097517,ts_B
M,K,2001-10-26,0.038245464373280115,0.9058044302436761,ts_B
D,A,2001-10-27,-1.7218264029919075,0.2503706308495396,ts_B
T,C,2001-10-28,0.40446244046458846,0.24716466653021563,ts_B
V,K,2001-10-29,-1.1686412870750646,-0.2771195068519818,ts_B
Q,S,2001-10-30,-0.1255411696161194,0.7423096801565661,ts_B
P,H,2001-10-31,1.8179461187709354,-0.19141777317840955,ts_B
O,N,2001-11-01,0.2348126911464066,0.95481835964401,ts_B
A,H,2001-11-02,0.9435371687405406,1.2329886968625652,ts_B
L,U,2001-11-03,0.15691151888317761,-0.08098531076464591,ts_B
Z,I,2001-11-04,-0.6918925810120099,0.6246513279373554,ts_B
A,I,2001-11-05,0.7319421032898792,0.5872706899870703,ts_B
V,M,2001-11-06,-0.09615982133103958,1.966295727196587,ts_B
B,T,2001-11-07,0.48825523734973914,2.7605686070339375,ts_B
Z,M,2001-11-08,-0.032035567982097335,-0.8866244754217383,ts_B
J,K,2001-11-09,0.11198303129070473,0.06952039297146971,ts_B
O,Q,2001-11-10,-0.9756203161597726,-0.6022476516249019,ts_B
O,J,2001-11-11,-0.18399670181201114,1.2952478971792467,ts_B
K,U,2001-11-12,0.7324970030985005,0.2802848898200824,ts_B
J,F,2001-11-13,0.3471690676558843,1.4140159482671668,ts_B
V,Y,2001-11-14,-0.9363086739679398,0.40947648150264077,ts_B
P,A,2001-11-15,-2.587540517348721,0.387511492468587,ts_B
L,U,2001-11-16,0.07907873303483891,0.5419213683369184,ts_B
M,J,2001-11-17,-0.003192788264797924,0.37212601756460506,ts_B
O,N,2001-11-18,1.0093961301921706,-2.5437635808110213,ts_B
H,Z,2001-11-19,-1.5669255033167016,-1.4161488202712553,ts_B
J,P,2001-11-20,0.3300106313492633,-0.8269246760402809,ts_B
G,A,2001-11-21,1.3294358318770614,0.181701708806083,ts_B
K,N,2001-11-22,0.010803023915512482,-0.807983858656595,ts_B
O,Z,2001-11-23,2.3278633178267336,-1.2315551815446701,ts_B
J,U,2001-11-24,2.4258254081987913,-0.3416319610487689,ts_B
D,W,2001-11-25,0.30616694277214707,1.8921110711605675,ts_B
T,V,2001-11-26,-0.8153586811007978,-2.259642495987074,ts_B
G,E,2001-11-27,0.11869658599999529,-0.9039126858075467,ts_B
J,J,2001-11-28,-0.6064665273024106,0.17886506528268084,ts_B
X,Q,2001-11-29,-0.3364316932568066,-0.9323855926244813,ts_B
E,L,2001-11-30,0.639279203764598,-0.9073995092465375,ts_B
S,J,2001-12-01,1.5876669995544148,1.2557188734447577,ts_B
R,V,2001-12-02,-1.0364176944470396,0.23447355450773577,ts_B
K,X,2001-12-03,0.4898820514264006,-1.5248203385332881,ts_B
V,T,2001-12-04,0.40834923040449317,0.4207768188051616,ts_B
M,Q,2001-12-05,1.9992063092997068,0.521917148991775,ts_B
A,D,2001-12-06,1.2931781358492271,-1.263354094976543,ts_B
A,Y,2001-12-07,1.5152990024728272,2.181158484169295,ts_B
I,S,2001-12-08,-0.6402988461059,-0.12824269709204664,ts_B
G,W,2001-12-09,1.7424993421316748,-0.08041737856462394,ts_B
U,G,2001-12-10,1.1853188813654272,-1.0316010047471669,ts_B
F,B,2001-12-11,1.01949746671028,-0.22121921886510215,ts_B
X,O,2001-12-12,0.4797826569445715,0.5542777158763531,ts_B
I,F,2001-12-13,0.5949929485515154,-0.5511156008772399,ts_B
K,M,2001-12-14,1.439926839737406,0.48376002598752366,ts_B
Y,M,2001-12-15,0.16623446325616228,0.43441569890532206,ts_B
X,Y,2001-12-16,1.0242267162390244,0.04345644168685846,ts_B
E,X,2001-12-17,0.07467554007299068,-1.2230557786726242,ts_B
K,I,2001-12-18,-0.5918691470203159,-1.4168691961335576,ts_B
T,L,2001-12-19,1.3177632085419557,-1.4420432197904747,ts_B
B,N,2001-12-20,0.4153025018193531,0.676095804222287,ts_B
X,Z,2001-12-21,-0.8001450582031099,0.7692672125549119,ts_B
E,M,2001-12-22,0.49390404444844427,0.4506437274210428,ts_B
J,Q,2001-12-23,0.6375480760368654,-1.1336412338708046,ts_B
L,L,2001-12-24,0.9132858065779922,-1.297974222877625,ts_B
F,F,2001-12-25,1.007746811129367,-0.5010425188301304,ts_B
A,F,2001-12-26,0.7105508369445114,0.15330711567268637,ts_B
L,S,2001-12-27,-0.418144956727075,1.9423103479594992,ts_B
X,Y,2001-12-28,0.2885791584148114,0.7055762027766345,ts_B
U,G,2001-12-29,0.06271512965258988,-0.806848561571796,ts_B
Q,N,2001-12-30,-1.2272767040463455,0.5272589294533823,ts_B
V,I,2001-12-31,-1.2765746105971079,2.0653996884113255,ts_B
Z,N,2002-01-01,0.2759841245488074,1.4898673556707567,ts_B
D,F,2002-01-02,1.3362792141083684,0.046225380260884026,ts_B
O,D,2002-01-03,0.20888461286824606,-1.0395511494911855,ts_B
H,J,2002-01-04,0.4205187999509829,-0.9984308469158776,ts_B
H,T,2002-01-05,1.2646018851048446,2.385986233989758,ts_B
R,M,2002-01-06,-1.7956854433128286,0.381189083770376,ts_B
L,I,2002-01-07,0.18825191850697054,-0.6710629953924242,ts_B
E,H,2002-01-08,1.1783995234570548,-0.13871071474531213,ts_B
L,R,2002-01-09,0.2683163406040828,1.6913058159899856,ts_B
Q,D,2002-01-10,-2.61109611373753,-0.15483647217278768,ts_B
Y,E,2002-01-11,-0.4666138393720654,-1.8047142056644194,ts_B
Z,M,2002-01-12,0.21584081133147667,-1.9210800912601438,ts_B
G,J,2002-01-13,0.6562232344520651,-0.4776911876951275,ts_B
B,Q,2002-01-14,-0.5296778058415156,-0.5159110029706344,ts_B
T,B,2002-01-15,0.44402908480835207,-0.565076493975019,ts_B
E,V,2002-01-16,0.3446820877989074,0.6484954849230717,ts_B
G,B,2002-01-17,-1.1312237746527027,-0.03503771275000266,ts_B
Q,A,2002-01-18,-0.3883990119716098,1.0586651180718731,ts_B
C,H,2002-01-19,1.389987972251176,0.9035732460273218,ts_B
